店名,地址,電話,評分,鏈接,評論
榕 RON Xinyi,https://www.google.com/maps/place/%E6%A6%95+RON+Xinyi/data=!4m7!3m6!1s0x3442abca10c6d60d:0x7d87ed75a31f0ad3!8m2!3d25.03222!4d121.5589026!16s%2Fg%2F11f10dzn2f!19sChIJDdbGEMqrQjQR0wofo3Xth30?authuser=0&hl=zh-TW&rclk=1
榕 RON Xinyi,https://www.google.com/maps/place/%E6%A6%95+RON+Xinyi/data=!4m7!3m6!1s0x3442abca10c6d60d:0x7d87ed75a31f0ad3!8m2!3d25.03222!4d121.5589026!16s%2Fg%2F11f10dzn2f!19sChIJDdbGEMqrQjQR0wofo3Xth30?authuser=0&hl=zh-TW&rclk=1
榕 RON Xinyi·開啟過的連結,https://www.google.com/maps/place/%E6%A6%95+RON+Xinyi/data=!4m7!3m6!1s0x3442abca10c6d60d:0x7d87ed75a31f0ad3!8m2!3d25.03222!4d121.5589026!16s%2Fg%2F11f10dzn2f!19sChIJDdbGEMqrQjQR0wofo3Xth30?authuser=0&hl=zh-TW&rclk=1
榕 RON Xinyi,https://www.google.com/maps/place/%E6%A6%95+RON+Xinyi/data=!4m7!3m6!1s0x3442abca10c6d60d:0x7d87ed75a31f0ad3!8m2!3d25.03222!4d121.5589026!16s%2Fg%2F11f10dzn2f!19sChIJDdbGEMqrQjQR0wofo3Xth30?authuser=0&hl=zh-TW&rclk=1
榕 RON Xinyi·開啟過的連結,https://www.google.com/maps/place/%E6%A6%95+RON+Xinyi/data=!4m7!3m6!1s0x3442abca10c6d60d:0x7d87ed75a31f0ad3!8m2!3d25.03222!4d121.5589026!16s%2Fg%2F11f10dzn2f!19sChIJDdbGEMqrQjQR0wofo3Xth30?authuser=0&hl=zh-TW&rclk=1
來吧台北日式餐酒館-酒吧調酒暢飲 taipeibar 約會餐廳 必訪信義區酒吧 PTT Dcard 台北酒吧 台北餐酒館 taipeifood 國父紀念館酒吧 國父紀念館餐酒館 大安酒吧 信義區餐酒館 信義區暢飲,https://www.google.com/maps/place/%E4%BE%86%E5%90%A7%E5%8F%B0%E5%8C%97%E6%97%A5%E5%BC%8F%E9%A4%90%E9%85%92%E9%A4%A8-%E9%85%92%E5%90%A7%E8%AA%BF%E9%85%92%E6%9A%A2%E9%A3%B2+taipeibar+%E7%B4%84%E6%9C%83%E9%A4%90%E5%BB%B3+%E5%BF%85%E8%A8%AA%E4%BF%A1%E7%BE%A9%E5%8D%80%E9%85%92%E5%90%A7+PTT+Dcard+%E5%8F%B0%E5%8C%97%E9%85%92%E5%90%A7+%E5%8F%B0%E5%8C%97%E9%A4%90%E9%85%92%E9%A4%A8+taipeifood+%E5%9C%8B%E7%88%B6%E7%B4%80%E5%BF%B5%E9%A4%A8%E9%85%92%E5%90%A7+%E5%9C%8B%E7%88%B6%E7%B4%80%E5%BF%B5%E9%A4%A8%E9%A4%90%E9%85%92%E9%A4%A8+%E5%A4%A7%E5%AE%89%E9%85%92%E5%90%A7+%E4%BF%A1%E7%BE%A9%E5%8D%80%E9%A4%90%E9%85%92%E9%A4%A8+%E4%BF%A1%E7%BE%A9%E5%8D%80%E6%9A%A2%E9%A3%B2/data=!4m7!3m6!1s0x3442abc8427f83f9:0xccfd27fe730ad56d!8m2!3d25.0371557!4d121.5579345!16s%2Fg%2F11dfjy7p66!19sChIJ-YN_QsirQjQRbdUKc_4n_cw?authuser=0&hl=zh-TW&rclk=1
榕 RON Xinyi,https://www.google.com/maps/place/%E6%A6%95+RON+Xinyi/data=!4m7!3m6!1s0x3442abca10c6d60d:0x7d87ed75a31f0ad3!8m2!3d25.03222!4d121.5589026!16s%2Fg%2F11f10dzn2f!19sChIJDdbGEMqrQjQR0wofo3Xth30?authuser=0&hl=zh-TW&rclk=1,
榕 RON Xinyi·開啟過的連結,https://www.google.com/maps/place/%E6%A6%95+RON+Xinyi/data=!4m7!3m6!1s0x3442abca10c6d60d:0x7d87ed75a31f0ad3!8m2!3d25.03222!4d121.5589026!16s%2Fg%2F11f10dzn2f!19sChIJDdbGEMqrQjQR0wofo3Xth30?authuser=0&hl=zh-TW&rclk=1,
來吧台北日式餐酒館-酒吧調酒暢飲 taipeibar 約會餐廳 必訪信義區酒吧 PTT Dcard 台北酒吧 台北餐酒館 taipeifood 國父紀念館酒吧 國父紀念館餐酒館 大安酒吧 信義區餐酒館 信義區暢飲,https://www.google.com/maps/place/%E4%BE%86%E5%90%A7%E5%8F%B0%E5%8C%97%E6%97%A5%E5%BC%8F%E9%A4%90%E9%85%92%E9%A4%A8-%E9%85%92%E5%90%A7%E8%AA%BF%E9%85%92%E6%9A%A2%E9%A3%B2+taipeibar+%E7%B4%84%E6%9C%83%E9%A4%90%E5%BB%B3+%E5%BF%85%E8%A8%AA%E4%BF%A1%E7%BE%A9%E5%8D%80%E9%85%92%E5%90%A7+PTT+Dcard+%E5%8F%B0%E5%8C%97%E9%85%92%E5%90%A7+%E5%8F%B0%E5%8C%97%E9%A4%90%E9%85%92%E9%A4%A8+taipeifood+%E5%9C%8B%E7%88%B6%E7%B4%80%E5%BF%B5%E9%A4%A8%E9%85%92%E5%90%A7+%E5%9C%8B%E7%88%B6%E7%B4%80%E5%BF%B5%E9%A4%A8%E9%A4%90%E9%85%92%E9%A4%A8+%E5%A4%A7%E5%AE%89%E9%85%92%E5%90%A7+%E4%BF%A1%E7%BE%A9%E5%8D%80%E9%A4%90%E9%85%92%E9%A4%A8+%E4%BF%A1%E7%BE%A9%E5%8D%80%E6%9A%A2%E9%A3%B2/data=!4m7!3m6!1s0x3442abc8427f83f9:0xccfd27fe730ad56d!8m2!3d25.0371557!4d121.5579345!16s%2Fg%2F11dfjy7p66!19sChIJ-YN_QsirQjQRbdUKc_4n_cw?authuser=0&hl=zh-TW&rclk=1,
Escape Bar｜台北酒吧｜信義區酒吧｜台北餐酒館｜信義區餐酒館｜台北信義區B,https://www.google.com/maps/place/Escape+Bar%EF%BD%9C%E5%8F%B0%E5%8C%97%E9%85%92%E5%90%A7%EF%BD%9C%E4%BF%A1%E7%BE%A9%E5%8D%80%E9%85%92%E5%90%A7%EF%BD%9C%E5%8F%B0%E5%8C%97%E9%A4%90%E9%85%92%E9%A4%A8%EF%BD%9C%E4%BF%A1%E7%BE%A9%E5%8D%80%E9%A4%90%E9%85%92%E9%A4%A8%EF%BD%9C%E5%8F%B0%E5%8C%97%E4%BF%A1%E7%BE%A9%E5%8D%80B/data=!4m7!3m6!1s0x3442ab6a15374dd7:0x6cd342cae6635ce3!8m2!3d25.0320572!4d121.5580747!16s%2Fg%2F11kpldjvyp!19sChIJ1003FWqrQjQR41xj5spC02w?authuser=0&hl=zh-TW&rclk=1,"┇IG：ypj__0316┇
-
#蒜油鮮蝦義大利麵 ᴺᵀ³²⁰
#網紅蛋包飯 ᴺᵀ³⁶⁰
#台式拼盤 ᴺᵀ⁴⁸⁰
#生蠔 ᴺᵀ¹⁵⁰
#WAT ᴺᵀ²⁵⁰
#SAM ᴺᵀ³⁵⁰
#JENNIFER ᴺᵀ³⁵⁰

私心推薦我的愛店🍺
位於信義區新開的酒吧 離101距離很近
絕對是聖誕節、跨年與好友相聚
情人約會的好地方🥰
還記得那天點了兩份主餐一份拼盤！🍚
份量多用料很實在🤤

網美蛋包飯 師傅製作好後
會上桌在客人面前撒上香料 淋上醬汁後切開
整個蛋包飯的香味直接擴散開來！🍳
蒜油鮮蝦義大利麵 蝦子超大隻🦐
不是一般外面的那種小蝦仁
義大利麵的醬汁也是完美融合在整份餐點中
讓人大快朵頤🍝
特別的是這邊不只有常見的炸物拼盤
竟然還有香腸與鹹豬肉合體的台式拼盤
讓喜歡吃台式料理的我
多了一道很棒的下酒菜
肉質軟嫩、海鮮新鮮 超下飯🦞

不馬虎的料理 搭配不馬虎的酒水
除非一般常見的酒類以外
這邊非常推薦一隻WAT精釀啤酒
有檸檬茶跟蘋果紅茶的口味
喝起來沒什麼酒味 真的像飲料很好喝
酒單也特別 以老闆、朋友命名的調酒
每杯都有不同的風味
這次喝了SAM跟JENNIFER
下次一定要慢慢把所有特調都喝過一輪🥃

非常推薦大家可以跟三五好友來ESCAPE
第一次來就在這待蠻久的🍻
現代風環境 位置舒服寬敞🫶🏻
老闆們還會下來一起聊天玩樂
偶爾會有DJ來這邊放歌🎵
整個有很棒的快樂氛圍

❗️跨年派對❗️
步行20秒可以看到101煙火
指定調酒&啤酒&SHOT無限暢飲
20:00-01:00暢飲5小時ɴᴛ1200
01:00-05:00暢飲4小時ɴᴛ1000
座位數量有限 建議提早訂位
(🉑️私訊IG小盒子)

-
#潔の食 #潔ᴱᴬᵀ台北
#escape餐酒館 #escapetpc
#escape #escape酒吧 #escapebar
#餐酒館 #台北餐酒館 #信義區餐酒館
#酒吧 #台北酒吧 #信義區酒吧
#台北美食 #信義區美食
#食記 #相機先食 #手機先食
──────────────────── | 杯具與環境非常舒服，酸甜感舒服宜人，香氣到口感到口味與整杯酒喝完的時間節奏都很剛好 | 給一星都嫌太高，半夜三四點仍然大聲喧嘩，嚴重影響住戶安寧，走廊一堆煙蒂，造成環境髒亂 | 凌晨三點，十幾人在騎樓大聲吵鬧
你們酒吧都不管一下嗎？樓上都是住户耶😊 … | 每到假日騎樓外站一堆人，然後吵到不行
請問店家不知道附近是很多住宅嗎？
完全沒顧及過居民的感受耶😄
大家都不用睡覺了是不是😉
真的好棒👍🏻完全將沒品德發揮得淋漓盡致👍🏻 | 台北又多一個可以跟朋友聚會的地方~
除了小酌之外還有好吃的餐點，重點是店員都超帥!眼睛也不會餓到~推爆啦!只能說escape全方位照料你的需求，老闆有球必硬^_^想跟他喝酒也可以吶~~ | 酒很有水準，氣氛跟bartender 都是一時之選、大！推！ | 老闆人超nice～～～
調酒好喝 🩵
大推推喲！！！！！！！！ | 調酒好喝 店員人都很nice | 老闆們都超耐斯！！有型又好聊！！還可以慶生😍😍😍😍👍"
榕 RON Xinyi,https://www.google.com/maps/place/%E6%A6%95+RON+Xinyi/data=!4m7!3m6!1s0x3442abca10c6d60d:0x7d87ed75a31f0ad3!8m2!3d25.03222!4d121.5589026!16s%2Fg%2F11f10dzn2f!19sChIJDdbGEMqrQjQR0wofo3Xth30?authuser=0&hl=zh-TW&rclk=1,
榕 RON Xinyi·開啟過的連結,https://www.google.com/maps/place/%E6%A6%95+RON+Xinyi/data=!4m7!3m6!1s0x3442abca10c6d60d:0x7d87ed75a31f0ad3!8m2!3d25.03222!4d121.5589026!16s%2Fg%2F11f10dzn2f!19sChIJDdbGEMqrQjQR0wofo3Xth30?authuser=0&hl=zh-TW&rclk=1,
來吧台北日式餐酒館-酒吧調酒暢飲 taipeibar 約會餐廳 必訪信義區酒吧 PTT Dcard 台北酒吧 台北餐酒館 taipeifood 國父紀念館酒吧 國父紀念館餐酒館 大安酒吧 信義區餐酒館 信義區暢飲,https://www.google.com/maps/place/%E4%BE%86%E5%90%A7%E5%8F%B0%E5%8C%97%E6%97%A5%E5%BC%8F%E9%A4%90%E9%85%92%E9%A4%A8-%E9%85%92%E5%90%A7%E8%AA%BF%E9%85%92%E6%9A%A2%E9%A3%B2+taipeibar+%E7%B4%84%E6%9C%83%E9%A4%90%E5%BB%B3+%E5%BF%85%E8%A8%AA%E4%BF%A1%E7%BE%A9%E5%8D%80%E9%85%92%E5%90%A7+PTT+Dcard+%E5%8F%B0%E5%8C%97%E9%85%92%E5%90%A7+%E5%8F%B0%E5%8C%97%E9%A4%90%E9%85%92%E9%A4%A8+taipeifood+%E5%9C%8B%E7%88%B6%E7%B4%80%E5%BF%B5%E9%A4%A8%E9%85%92%E5%90%A7+%E5%9C%8B%E7%88%B6%E7%B4%80%E5%BF%B5%E9%A4%A8%E9%A4%90%E9%85%92%E9%A4%A8+%E5%A4%A7%E5%AE%89%E9%85%92%E5%90%A7+%E4%BF%A1%E7%BE%A9%E5%8D%80%E9%A4%90%E9%85%92%E9%A4%A8+%E4%BF%A1%E7%BE%A9%E5%8D%80%E6%9A%A2%E9%A3%B2/data=!4m7!3m6!1s0x3442abc8427f83f9:0xccfd27fe730ad56d!8m2!3d25.0371557!4d121.5579345!16s%2Fg%2F11dfjy7p66!19sChIJ-YN_QsirQjQRbdUKc_4n_cw?authuser=0&hl=zh-TW&rclk=1,
Escape Bar｜台北酒吧｜信義區酒吧｜台北餐酒館｜信義區餐酒館｜台北信義區B,https://www.google.com/maps/place/Escape+Bar%EF%BD%9C%E5%8F%B0%E5%8C%97%E9%85%92%E5%90%A7%EF%BD%9C%E4%BF%A1%E7%BE%A9%E5%8D%80%E9%85%92%E5%90%A7%EF%BD%9C%E5%8F%B0%E5%8C%97%E9%A4%90%E9%85%92%E9%A4%A8%EF%BD%9C%E4%BF%A1%E7%BE%A9%E5%8D%80%E9%A4%90%E9%85%92%E9%A4%A8%EF%BD%9C%E5%8F%B0%E5%8C%97%E4%BF%A1%E7%BE%A9%E5%8D%80B/data=!4m7!3m6!1s0x3442ab6a15374dd7:0x6cd342cae6635ce3!8m2!3d25.0320572!4d121.5580747!16s%2Fg%2F11kpldjvyp!19sChIJ1003FWqrQjQR41xj5spC02w?authuser=0&hl=zh-TW&rclk=1,"┇IG：ypj__0316┇
-
#蒜油鮮蝦義大利麵 ᴺᵀ³²⁰
#網紅蛋包飯 ᴺᵀ³⁶⁰
#台式拼盤 ᴺᵀ⁴⁸⁰
#生蠔 ᴺᵀ¹⁵⁰
#WAT ᴺᵀ²⁵⁰
#SAM ᴺᵀ³⁵⁰
#JENNIFER ᴺᵀ³⁵⁰

私心推薦我的愛店🍺
位於信義區新開的酒吧 離101距離很近
絕對是聖誕節、跨年與好友相聚
情人約會的好地方🥰
還記得那天點了兩份主餐一份拼盤！🍚
份量多用料很實在🤤

網美蛋包飯 師傅製作好後
會上桌在客人面前撒上香料 淋上醬汁後切開
整個蛋包飯的香味直接擴散開來！🍳
蒜油鮮蝦義大利麵 蝦子超大隻🦐
不是一般外面的那種小蝦仁
義大利麵的醬汁也是完美融合在整份餐點中
讓人大快朵頤🍝
特別的是這邊不只有常見的炸物拼盤
竟然還有香腸與鹹豬肉合體的台式拼盤
讓喜歡吃台式料理的我
多了一道很棒的下酒菜
肉質軟嫩、海鮮新鮮 超下飯🦞

不馬虎的料理 搭配不馬虎的酒水
除非一般常見的酒類以外
這邊非常推薦一隻WAT精釀啤酒
有檸檬茶跟蘋果紅茶的口味
喝起來沒什麼酒味 真的像飲料很好喝
酒單也特別 以老闆、朋友命名的調酒
每杯都有不同的風味
這次喝了SAM跟JENNIFER
下次一定要慢慢把所有特調都喝過一輪🥃

非常推薦大家可以跟三五好友來ESCAPE
第一次來就在這待蠻久的🍻
現代風環境 位置舒服寬敞🫶🏻
老闆們還會下來一起聊天玩樂
偶爾會有DJ來這邊放歌🎵
整個有很棒的快樂氛圍

❗️跨年派對❗️
步行20秒可以看到101煙火
指定調酒&啤酒&SHOT無限暢飲
20:00-01:00暢飲5小時ɴᴛ1200
01:00-05:00暢飲4小時ɴᴛ1000
座位數量有限 建議提早訂位
(🉑️私訊IG小盒子)

-
#潔の食 #潔ᴱᴬᵀ台北
#escape餐酒館 #escapetpc
#escape #escape酒吧 #escapebar
#餐酒館 #台北餐酒館 #信義區餐酒館
#酒吧 #台北酒吧 #信義區酒吧
#台北美食 #信義區美食
#食記 #相機先食 #手機先食
──────────────────── | 杯具與環境非常舒服，酸甜感舒服宜人，香氣到口感到口味與整杯酒喝完的時間節奏都很剛好 | 給一星都嫌太高，半夜三四點仍然大聲喧嘩，嚴重影響住戶安寧，走廊一堆煙蒂，造成環境髒亂 | 凌晨三點，十幾人在騎樓大聲吵鬧
你們酒吧都不管一下嗎？樓上都是住户耶😊 … | 每到假日騎樓外站一堆人，然後吵到不行
請問店家不知道附近是很多住宅嗎？
完全沒顧及過居民的感受耶😄
大家都不用睡覺了是不是😉
真的好棒👍🏻完全將沒品德發揮得淋漓盡致👍🏻 | 台北又多一個可以跟朋友聚會的地方~
除了小酌之外還有好吃的餐點，重點是店員都超帥!眼睛也不會餓到~推爆啦!只能說escape全方位照料你的需求，老闆有球必硬^_^想跟他喝酒也可以吶~~ | 酒很有水準，氣氛跟bartender 都是一時之選、大！推！ | 老闆人超nice～～～
調酒好喝 🩵
大推推喲！！！！！！！！ | 調酒好喝 店員人都很nice | 老闆們都超耐斯！！有型又好聊！！還可以慶生😍😍😍😍👍"
Twilight 餐酒館｜大安區酒吧｜信義安和酒吧｜,https://www.google.com/maps/place/Twilight+%E9%A4%90%E9%85%92%E9%A4%A8%EF%BD%9C%E5%A4%A7%E5%AE%89%E5%8D%80%E9%85%92%E5%90%A7%EF%BD%9C%E4%BF%A1%E7%BE%A9%E5%AE%89%E5%92%8C%E9%85%92%E5%90%A7%EF%BD%9C/data=!4m7!3m6!1s0x3442ab7644678811:0x184a2c94c472e80e!8m2!3d25.0329995!4d121.555005!16s%2Fg%2F11vkl47ps9!19sChIJEYhnRHarQjQRDuhyxJQsShg?authuser=0&hl=zh-TW&rclk=1,"餐廳位置不多，主要為高腳椅區及一般桌型，這次預約二位，分配高腳椅區，位置不太舒適，所以待沒多久用餐完畢就離開了。餐點若是參考份量，覺得稍微價高，但上菜速度滿快，這點倒是滿好的。 | 剛好遇到萬聖節🎃店裡都有裝扮
這間食物不錯 我覺得份量也夠
酒的部份蠻推煙花🎆有我愛的rum+紫蘇+梅酒🥂
只可惜只有限時兩個小時🥹🥹🥹還有高腳椅蠻不好坐的…..
不過還是可以回訪👍🏻👍🏻👍🏻 | 🔍IG：jiabaobao_foodie

捷運紅線信義安和站4號出口出來直走2分鐘

微昏暗的燈光很有情調 整體氛圍很舒服
下班與朋友小聚、小酌或是約會都好適合 ⸜♡⸝‍

等待餐點的時候竟然還有開胃飲品可以享用
當天提供的是抹茶優格～很好喝🍵✨

૭ 鱈魚塔塔迷你割包 $𝟯𝟮𝟬
૭ 鱸魚佐蒜辣檸檬油醋 $𝟯𝟴𝟬
૭ 羅勒蒜香蘑菇雞 $𝟯𝟴𝟬
૭ 自製蒜辣XO醬干貝蟹肉義大利麵 $𝟰𝟮𝟬
૭ 羅勒鮮蝦奶油燉飯 $𝟰𝟲𝟬

不論是前菜或是主食都無雷 我私心最推薦干貝義大利麵🍝
辣度很夠勁又夠味 麵體偏硬咬起來很有口感
大顆干貝熟度恰到好處 配上蟹肉和些許蔬菜 又涮嘴又好吃

鱈魚塔塔割包的塔塔醬也很香🥺
不知道大家有沒有吃過摩斯的鱈魚堡
那個香氣真的一模一樣阿我真的超愛的
鱸魚的外皮煎至酥香脆 魚肉軟嫩
搭配蒜辣洋蔥再擠上檸檬很清爽🍋

喜歡燉飯帶有米心感的 Twilight家的燉飯你會很喜歡🫶🏻
這次吃的青醬口味 調味上偏淡雅一些 五隻剝好的蝦子很加分蘑菇雞的調味超下飯
去骨雞腿肉整個吸飽飽醬汁非常入味 .ᐟ.ᐟ

૭ 煙花 $𝟰𝟬𝟬
紫蘇｜梅酒｜蘭姆酒
૭ 歲月靜好 $𝟯𝟴𝟬
伯爵茶｜桃子｜葡萄柚
૭ 春日圓舞曲 $𝟯𝟲𝟬
烏龍茶｜柚子｜紅心芭樂

想要來杯浮誇的調酒就點一杯煙花吧💥
紫蘇的香氣非常鮮明、濃烈
春日圓舞曲是紅心芭樂搭配烏龍茶 果香與茶香的融合
芭樂香氣很足 不會有奇怪的香精味🥺
歲月靜好以伯爵茶入酒 喝起來有水果茶的感覺
喜歡茶酒的可以試試看這杯
三杯調酒酒感都中偏輕 喝起來順口～

🔺平日低消 $𝟲𝟬𝟬/人
🔺假日低消 $𝟴𝟬𝟬/人 (12歲以下孩童不需低消） | 本想衝著調酒喝到飽的方案奔去，可惜9月底活動已經結束，只試喝了5杯調酒，每個酒名酒語都洽如其份，例如酒名煙花，燦爛一剎那，可惜無法嚐遍每一杯…… | 這家餐酒館是約會的絕佳選擇👍環境優雅浪漫，燈光柔和，音樂輕柔，營造出溫馨愉悅的氛圍。菜品美味精緻，搭配的紅酒也非常出色，讓每一口都充滿了驚喜與滿足。服務人員親切且專業，讓整個用餐過程更加愉快。這裡的每一個細節都展現出對顧客的關懷和用心，非常適合情侶來這裡享受美好的晚餐和彼此的陪伴。強烈推薦給想要度過一個難忘約會夜晚的朋友們❤️❤️❤️ | 調酒偏甜，要$990喝到飽菜單需要另外跟店員要；餐點中等以上，上菜非常快，兩個小時需離開。老闆很客氣請了壽星喝shot。 | 整個空間以大面積的白色為主，燈光溫暖如日出的光線，營造出舒適的用餐氛圍。店內有座位區、吧台和高腳區，高腳區的桌面較小，稍顯擁擠，因此建議先點一些餐點，等食用完再加點，店內位置有限，建議提前訂位。整體環境給人高品質感，餐點的部分也相當的精緻及美味，非常適合朋友聚會慶生～ | 店內氣氛很好，是個適合下班跟好友聊天的地方！店內人員都很親切，如果有事先訂位，桌上會有一張小卡，很可愛～
調酒的部分雖然很漂亮，不過味道普普，餐點的部分推薦烘蛋。 | 第一次來餐酒館比較難比較，低消800，餐點還不錯，松阪豬燉飯米芯煮的比較硬，酒的話我點BREEZE，帶有仙楂的香氣，朋友的整杯草莓粉很好拍，這次喝到的每杯酒 酒感都偏重，或是單純我太少喝哈哈。店內氛圍感很高級 剛進來會有迎賓果醋 離場前還有 shot杯 算是蠻特別的體驗 | 氛圍營造的超棒！
是個很讓人放鬆的地方，
適合好友談心、慶生、小酌
是個色、香、味俱全的地方❤️
超推薦奧羅拉這杯酒
好看又好喝！
隨著特製冰塊的融化
每一個時間都可以感受到不一樣的感覺！
附上的小卡帶有香味，
聞了可以讓心情放鬆一整晚🥰
食物也好吃！看起來份量不多，
但是我們兩個超級飽🤣"
榕 RON Xinyi,https://www.google.com/maps/place/%E6%A6%95+RON+Xinyi/data=!4m7!3m6!1s0x3442abca10c6d60d:0x7d87ed75a31f0ad3!8m2!3d25.03222!4d121.5589026!16s%2Fg%2F11f10dzn2f!19sChIJDdbGEMqrQjQR0wofo3Xth30?authuser=0&hl=zh-TW&rclk=1,
榕 RON Xinyi·開啟過的連結,https://www.google.com/maps/place/%E6%A6%95+RON+Xinyi/data=!4m7!3m6!1s0x3442abca10c6d60d:0x7d87ed75a31f0ad3!8m2!3d25.03222!4d121.5589026!16s%2Fg%2F11f10dzn2f!19sChIJDdbGEMqrQjQR0wofo3Xth30?authuser=0&hl=zh-TW&rclk=1,
來吧台北日式餐酒館-酒吧調酒暢飲 taipeibar 約會餐廳 必訪信義區酒吧 PTT Dcard 台北酒吧 台北餐酒館 taipeifood 國父紀念館酒吧 國父紀念館餐酒館 大安酒吧 信義區餐酒館 信義區暢飲,https://www.google.com/maps/place/%E4%BE%86%E5%90%A7%E5%8F%B0%E5%8C%97%E6%97%A5%E5%BC%8F%E9%A4%90%E9%85%92%E9%A4%A8-%E9%85%92%E5%90%A7%E8%AA%BF%E9%85%92%E6%9A%A2%E9%A3%B2+taipeibar+%E7%B4%84%E6%9C%83%E9%A4%90%E5%BB%B3+%E5%BF%85%E8%A8%AA%E4%BF%A1%E7%BE%A9%E5%8D%80%E9%85%92%E5%90%A7+PTT+Dcard+%E5%8F%B0%E5%8C%97%E9%85%92%E5%90%A7+%E5%8F%B0%E5%8C%97%E9%A4%90%E9%85%92%E9%A4%A8+taipeifood+%E5%9C%8B%E7%88%B6%E7%B4%80%E5%BF%B5%E9%A4%A8%E9%85%92%E5%90%A7+%E5%9C%8B%E7%88%B6%E7%B4%80%E5%BF%B5%E9%A4%A8%E9%A4%90%E9%85%92%E9%A4%A8+%E5%A4%A7%E5%AE%89%E9%85%92%E5%90%A7+%E4%BF%A1%E7%BE%A9%E5%8D%80%E9%A4%90%E9%85%92%E9%A4%A8+%E4%BF%A1%E7%BE%A9%E5%8D%80%E6%9A%A2%E9%A3%B2/data=!4m7!3m6!1s0x3442abc8427f83f9:0xccfd27fe730ad56d!8m2!3d25.0371557!4d121.5579345!16s%2Fg%2F11dfjy7p66!19sChIJ-YN_QsirQjQRbdUKc_4n_cw?authuser=0&hl=zh-TW&rclk=1,
Escape Bar｜台北酒吧｜信義區酒吧｜台北餐酒館｜信義區餐酒館｜台北信義區B,https://www.google.com/maps/place/Escape+Bar%EF%BD%9C%E5%8F%B0%E5%8C%97%E9%85%92%E5%90%A7%EF%BD%9C%E4%BF%A1%E7%BE%A9%E5%8D%80%E9%85%92%E5%90%A7%EF%BD%9C%E5%8F%B0%E5%8C%97%E9%A4%90%E9%85%92%E9%A4%A8%EF%BD%9C%E4%BF%A1%E7%BE%A9%E5%8D%80%E9%A4%90%E9%85%92%E9%A4%A8%EF%BD%9C%E5%8F%B0%E5%8C%97%E4%BF%A1%E7%BE%A9%E5%8D%80B/data=!4m7!3m6!1s0x3442ab6a15374dd7:0x6cd342cae6635ce3!8m2!3d25.0320572!4d121.5580747!16s%2Fg%2F11kpldjvyp!19sChIJ1003FWqrQjQR41xj5spC02w?authuser=0&hl=zh-TW&rclk=1,"┇IG：ypj__0316┇
-
#蒜油鮮蝦義大利麵 ᴺᵀ³²⁰
#網紅蛋包飯 ᴺᵀ³⁶⁰
#台式拼盤 ᴺᵀ⁴⁸⁰
#生蠔 ᴺᵀ¹⁵⁰
#WAT ᴺᵀ²⁵⁰
#SAM ᴺᵀ³⁵⁰
#JENNIFER ᴺᵀ³⁵⁰

私心推薦我的愛店🍺
位於信義區新開的酒吧 離101距離很近
絕對是聖誕節、跨年與好友相聚
情人約會的好地方🥰
還記得那天點了兩份主餐一份拼盤！🍚
份量多用料很實在🤤

網美蛋包飯 師傅製作好後
會上桌在客人面前撒上香料 淋上醬汁後切開
整個蛋包飯的香味直接擴散開來！🍳
蒜油鮮蝦義大利麵 蝦子超大隻🦐
不是一般外面的那種小蝦仁
義大利麵的醬汁也是完美融合在整份餐點中
讓人大快朵頤🍝
特別的是這邊不只有常見的炸物拼盤
竟然還有香腸與鹹豬肉合體的台式拼盤
讓喜歡吃台式料理的我
多了一道很棒的下酒菜
肉質軟嫩、海鮮新鮮 超下飯🦞

不馬虎的料理 搭配不馬虎的酒水
除非一般常見的酒類以外
這邊非常推薦一隻WAT精釀啤酒
有檸檬茶跟蘋果紅茶的口味
喝起來沒什麼酒味 真的像飲料很好喝
酒單也特別 以老闆、朋友命名的調酒
每杯都有不同的風味
這次喝了SAM跟JENNIFER
下次一定要慢慢把所有特調都喝過一輪🥃

非常推薦大家可以跟三五好友來ESCAPE
第一次來就在這待蠻久的🍻
現代風環境 位置舒服寬敞🫶🏻
老闆們還會下來一起聊天玩樂
偶爾會有DJ來這邊放歌🎵
整個有很棒的快樂氛圍

❗️跨年派對❗️
步行20秒可以看到101煙火
指定調酒&啤酒&SHOT無限暢飲
20:00-01:00暢飲5小時ɴᴛ1200
01:00-05:00暢飲4小時ɴᴛ1000
座位數量有限 建議提早訂位
(🉑️私訊IG小盒子)

-
#潔の食 #潔ᴱᴬᵀ台北
#escape餐酒館 #escapetpc
#escape #escape酒吧 #escapebar
#餐酒館 #台北餐酒館 #信義區餐酒館
#酒吧 #台北酒吧 #信義區酒吧
#台北美食 #信義區美食
#食記 #相機先食 #手機先食
──────────────────── | 杯具與環境非常舒服，酸甜感舒服宜人，香氣到口感到口味與整杯酒喝完的時間節奏都很剛好 | 給一星都嫌太高，半夜三四點仍然大聲喧嘩，嚴重影響住戶安寧，走廊一堆煙蒂，造成環境髒亂 | 凌晨三點，十幾人在騎樓大聲吵鬧
你們酒吧都不管一下嗎？樓上都是住户耶😊 … | 每到假日騎樓外站一堆人，然後吵到不行
請問店家不知道附近是很多住宅嗎？
完全沒顧及過居民的感受耶😄
大家都不用睡覺了是不是😉
真的好棒👍🏻完全將沒品德發揮得淋漓盡致👍🏻 | 台北又多一個可以跟朋友聚會的地方~
除了小酌之外還有好吃的餐點，重點是店員都超帥!眼睛也不會餓到~推爆啦!只能說escape全方位照料你的需求，老闆有球必硬^_^想跟他喝酒也可以吶~~ | 酒很有水準，氣氛跟bartender 都是一時之選、大！推！ | 老闆人超nice～～～
調酒好喝 🩵
大推推喲！！！！！！！！ | 調酒好喝 店員人都很nice | 老闆們都超耐斯！！有型又好聊！！還可以慶生😍😍😍😍👍"
Twilight 餐酒館｜大安區酒吧｜信義安和酒吧｜,https://www.google.com/maps/place/Twilight+%E9%A4%90%E9%85%92%E9%A4%A8%EF%BD%9C%E5%A4%A7%E5%AE%89%E5%8D%80%E9%85%92%E5%90%A7%EF%BD%9C%E4%BF%A1%E7%BE%A9%E5%AE%89%E5%92%8C%E9%85%92%E5%90%A7%EF%BD%9C/data=!4m7!3m6!1s0x3442ab7644678811:0x184a2c94c472e80e!8m2!3d25.0329995!4d121.555005!16s%2Fg%2F11vkl47ps9!19sChIJEYhnRHarQjQRDuhyxJQsShg?authuser=0&hl=zh-TW&rclk=1,"餐廳位置不多，主要為高腳椅區及一般桌型，這次預約二位，分配高腳椅區，位置不太舒適，所以待沒多久用餐完畢就離開了。餐點若是參考份量，覺得稍微價高，但上菜速度滿快，這點倒是滿好的。 | 剛好遇到萬聖節🎃店裡都有裝扮
這間食物不錯 我覺得份量也夠
酒的部份蠻推煙花🎆有我愛的rum+紫蘇+梅酒🥂
只可惜只有限時兩個小時🥹🥹🥹還有高腳椅蠻不好坐的…..
不過還是可以回訪👍🏻👍🏻👍🏻 | 🔍IG：jiabaobao_foodie

捷運紅線信義安和站4號出口出來直走2分鐘

微昏暗的燈光很有情調 整體氛圍很舒服
下班與朋友小聚、小酌或是約會都好適合 ⸜♡⸝‍

等待餐點的時候竟然還有開胃飲品可以享用
當天提供的是抹茶優格～很好喝🍵✨

૭ 鱈魚塔塔迷你割包 $𝟯𝟮𝟬
૭ 鱸魚佐蒜辣檸檬油醋 $𝟯𝟴𝟬
૭ 羅勒蒜香蘑菇雞 $𝟯𝟴𝟬
૭ 自製蒜辣XO醬干貝蟹肉義大利麵 $𝟰𝟮𝟬
૭ 羅勒鮮蝦奶油燉飯 $𝟰𝟲𝟬

不論是前菜或是主食都無雷 我私心最推薦干貝義大利麵🍝
辣度很夠勁又夠味 麵體偏硬咬起來很有口感
大顆干貝熟度恰到好處 配上蟹肉和些許蔬菜 又涮嘴又好吃

鱈魚塔塔割包的塔塔醬也很香🥺
不知道大家有沒有吃過摩斯的鱈魚堡
那個香氣真的一模一樣阿我真的超愛的
鱸魚的外皮煎至酥香脆 魚肉軟嫩
搭配蒜辣洋蔥再擠上檸檬很清爽🍋

喜歡燉飯帶有米心感的 Twilight家的燉飯你會很喜歡🫶🏻
這次吃的青醬口味 調味上偏淡雅一些 五隻剝好的蝦子很加分蘑菇雞的調味超下飯
去骨雞腿肉整個吸飽飽醬汁非常入味 .ᐟ.ᐟ

૭ 煙花 $𝟰𝟬𝟬
紫蘇｜梅酒｜蘭姆酒
૭ 歲月靜好 $𝟯𝟴𝟬
伯爵茶｜桃子｜葡萄柚
૭ 春日圓舞曲 $𝟯𝟲𝟬
烏龍茶｜柚子｜紅心芭樂

想要來杯浮誇的調酒就點一杯煙花吧💥
紫蘇的香氣非常鮮明、濃烈
春日圓舞曲是紅心芭樂搭配烏龍茶 果香與茶香的融合
芭樂香氣很足 不會有奇怪的香精味🥺
歲月靜好以伯爵茶入酒 喝起來有水果茶的感覺
喜歡茶酒的可以試試看這杯
三杯調酒酒感都中偏輕 喝起來順口～

🔺平日低消 $𝟲𝟬𝟬/人
🔺假日低消 $𝟴𝟬𝟬/人 (12歲以下孩童不需低消） | 本想衝著調酒喝到飽的方案奔去，可惜9月底活動已經結束，只試喝了5杯調酒，每個酒名酒語都洽如其份，例如酒名煙花，燦爛一剎那，可惜無法嚐遍每一杯…… | 這家餐酒館是約會的絕佳選擇👍環境優雅浪漫，燈光柔和，音樂輕柔，營造出溫馨愉悅的氛圍。菜品美味精緻，搭配的紅酒也非常出色，讓每一口都充滿了驚喜與滿足。服務人員親切且專業，讓整個用餐過程更加愉快。這裡的每一個細節都展現出對顧客的關懷和用心，非常適合情侶來這裡享受美好的晚餐和彼此的陪伴。強烈推薦給想要度過一個難忘約會夜晚的朋友們❤️❤️❤️ | 調酒偏甜，要$990喝到飽菜單需要另外跟店員要；餐點中等以上，上菜非常快，兩個小時需離開。老闆很客氣請了壽星喝shot。 | 整個空間以大面積的白色為主，燈光溫暖如日出的光線，營造出舒適的用餐氛圍。店內有座位區、吧台和高腳區，高腳區的桌面較小，稍顯擁擠，因此建議先點一些餐點，等食用完再加點，店內位置有限，建議提前訂位。整體環境給人高品質感，餐點的部分也相當的精緻及美味，非常適合朋友聚會慶生～ | 店內氣氛很好，是個適合下班跟好友聊天的地方！店內人員都很親切，如果有事先訂位，桌上會有一張小卡，很可愛～
調酒的部分雖然很漂亮，不過味道普普，餐點的部分推薦烘蛋。 | 第一次來餐酒館比較難比較，低消800，餐點還不錯，松阪豬燉飯米芯煮的比較硬，酒的話我點BREEZE，帶有仙楂的香氣，朋友的整杯草莓粉很好拍，這次喝到的每杯酒 酒感都偏重，或是單純我太少喝哈哈。店內氛圍感很高級 剛進來會有迎賓果醋 離場前還有 shot杯 算是蠻特別的體驗 | 氛圍營造的超棒！
是個很讓人放鬆的地方，
適合好友談心、慶生、小酌
是個色、香、味俱全的地方❤️
超推薦奧羅拉這杯酒
好看又好喝！
隨著特製冰塊的融化
每一個時間都可以感受到不一樣的感覺！
附上的小卡帶有香味，
聞了可以讓心情放鬆一整晚🥰
食物也好吃！看起來份量不多，
但是我們兩個超級飽🤣"
安慰劑 Placebo Taipei,https://www.google.com/maps/place/%E5%AE%89%E6%85%B0%E5%8A%91+Placebo+Taipei/data=!4m7!3m6!1s0x3442abcaf14d1a35:0xca59c4fe8574e876!8m2!3d25.0300709!4d121.5579706!16s%2Fg%2F11crydqv8w!19sChIJNRpN8cqrQjQRduh0hf7EWco?authuser=0&hl=zh-TW&rclk=1,
榕 RON Xinyi,https://www.google.com/maps/place/%E6%A6%95+RON+Xinyi/data=!4m7!3m6!1s0x3442abca10c6d60d:0x7d87ed75a31f0ad3!8m2!3d25.03222!4d121.5589026!16s%2Fg%2F11f10dzn2f!19sChIJDdbGEMqrQjQR0wofo3Xth30?authuser=0&hl=zh-TW&rclk=1,
榕 RON Xinyi·開啟過的連結,https://www.google.com/maps/place/%E6%A6%95+RON+Xinyi/data=!4m7!3m6!1s0x3442abca10c6d60d:0x7d87ed75a31f0ad3!8m2!3d25.03222!4d121.5589026!16s%2Fg%2F11f10dzn2f!19sChIJDdbGEMqrQjQR0wofo3Xth30?authuser=0&hl=zh-TW&rclk=1,
來吧台北日式餐酒館-酒吧調酒暢飲 taipeibar 約會餐廳 必訪信義區酒吧 PTT Dcard 台北酒吧 台北餐酒館 taipeifood 國父紀念館酒吧 國父紀念館餐酒館 大安酒吧 信義區餐酒館 信義區暢飲,https://www.google.com/maps/place/%E4%BE%86%E5%90%A7%E5%8F%B0%E5%8C%97%E6%97%A5%E5%BC%8F%E9%A4%90%E9%85%92%E9%A4%A8-%E9%85%92%E5%90%A7%E8%AA%BF%E9%85%92%E6%9A%A2%E9%A3%B2+taipeibar+%E7%B4%84%E6%9C%83%E9%A4%90%E5%BB%B3+%E5%BF%85%E8%A8%AA%E4%BF%A1%E7%BE%A9%E5%8D%80%E9%85%92%E5%90%A7+PTT+Dcard+%E5%8F%B0%E5%8C%97%E9%85%92%E5%90%A7+%E5%8F%B0%E5%8C%97%E9%A4%90%E9%85%92%E9%A4%A8+taipeifood+%E5%9C%8B%E7%88%B6%E7%B4%80%E5%BF%B5%E9%A4%A8%E9%85%92%E5%90%A7+%E5%9C%8B%E7%88%B6%E7%B4%80%E5%BF%B5%E9%A4%A8%E9%A4%90%E9%85%92%E9%A4%A8+%E5%A4%A7%E5%AE%89%E9%85%92%E5%90%A7+%E4%BF%A1%E7%BE%A9%E5%8D%80%E9%A4%90%E9%85%92%E9%A4%A8+%E4%BF%A1%E7%BE%A9%E5%8D%80%E6%9A%A2%E9%A3%B2/data=!4m7!3m6!1s0x3442abc8427f83f9:0xccfd27fe730ad56d!8m2!3d25.0371557!4d121.5579345!16s%2Fg%2F11dfjy7p66!19sChIJ-YN_QsirQjQRbdUKc_4n_cw?authuser=0&hl=zh-TW&rclk=1,
Escape Bar｜台北酒吧｜信義區酒吧｜台北餐酒館｜信義區餐酒館｜台北信義區B,https://www.google.com/maps/place/Escape+Bar%EF%BD%9C%E5%8F%B0%E5%8C%97%E9%85%92%E5%90%A7%EF%BD%9C%E4%BF%A1%E7%BE%A9%E5%8D%80%E9%85%92%E5%90%A7%EF%BD%9C%E5%8F%B0%E5%8C%97%E9%A4%90%E9%85%92%E9%A4%A8%EF%BD%9C%E4%BF%A1%E7%BE%A9%E5%8D%80%E9%A4%90%E9%85%92%E9%A4%A8%EF%BD%9C%E5%8F%B0%E5%8C%97%E4%BF%A1%E7%BE%A9%E5%8D%80B/data=!4m7!3m6!1s0x3442ab6a15374dd7:0x6cd342cae6635ce3!8m2!3d25.0320572!4d121.5580747!16s%2Fg%2F11kpldjvyp!19sChIJ1003FWqrQjQR41xj5spC02w?authuser=0&hl=zh-TW&rclk=1,"┇IG：ypj__0316┇
-
#蒜油鮮蝦義大利麵 ᴺᵀ³²⁰
#網紅蛋包飯 ᴺᵀ³⁶⁰
#台式拼盤 ᴺᵀ⁴⁸⁰
#生蠔 ᴺᵀ¹⁵⁰
#WAT ᴺᵀ²⁵⁰
#SAM ᴺᵀ³⁵⁰
#JENNIFER ᴺᵀ³⁵⁰

私心推薦我的愛店🍺
位於信義區新開的酒吧 離101距離很近
絕對是聖誕節、跨年與好友相聚
情人約會的好地方🥰
還記得那天點了兩份主餐一份拼盤！🍚
份量多用料很實在🤤

網美蛋包飯 師傅製作好後
會上桌在客人面前撒上香料 淋上醬汁後切開
整個蛋包飯的香味直接擴散開來！🍳
蒜油鮮蝦義大利麵 蝦子超大隻🦐
不是一般外面的那種小蝦仁
義大利麵的醬汁也是完美融合在整份餐點中
讓人大快朵頤🍝
特別的是這邊不只有常見的炸物拼盤
竟然還有香腸與鹹豬肉合體的台式拼盤
讓喜歡吃台式料理的我
多了一道很棒的下酒菜
肉質軟嫩、海鮮新鮮 超下飯🦞

不馬虎的料理 搭配不馬虎的酒水
除非一般常見的酒類以外
這邊非常推薦一隻WAT精釀啤酒
有檸檬茶跟蘋果紅茶的口味
喝起來沒什麼酒味 真的像飲料很好喝
酒單也特別 以老闆、朋友命名的調酒
每杯都有不同的風味
這次喝了SAM跟JENNIFER
下次一定要慢慢把所有特調都喝過一輪🥃

非常推薦大家可以跟三五好友來ESCAPE
第一次來就在這待蠻久的🍻
現代風環境 位置舒服寬敞🫶🏻
老闆們還會下來一起聊天玩樂
偶爾會有DJ來這邊放歌🎵
整個有很棒的快樂氛圍

❗️跨年派對❗️
步行20秒可以看到101煙火
指定調酒&啤酒&SHOT無限暢飲
20:00-01:00暢飲5小時ɴᴛ1200
01:00-05:00暢飲4小時ɴᴛ1000
座位數量有限 建議提早訂位
(🉑️私訊IG小盒子)

-
#潔の食 #潔ᴱᴬᵀ台北
#escape餐酒館 #escapetpc
#escape #escape酒吧 #escapebar
#餐酒館 #台北餐酒館 #信義區餐酒館
#酒吧 #台北酒吧 #信義區酒吧
#台北美食 #信義區美食
#食記 #相機先食 #手機先食
──────────────────── | 杯具與環境非常舒服，酸甜感舒服宜人，香氣到口感到口味與整杯酒喝完的時間節奏都很剛好 | 給一星都嫌太高，半夜三四點仍然大聲喧嘩，嚴重影響住戶安寧，走廊一堆煙蒂，造成環境髒亂 | 凌晨三點，十幾人在騎樓大聲吵鬧
你們酒吧都不管一下嗎？樓上都是住户耶😊 … | 每到假日騎樓外站一堆人，然後吵到不行
請問店家不知道附近是很多住宅嗎？
完全沒顧及過居民的感受耶😄
大家都不用睡覺了是不是😉
真的好棒👍🏻完全將沒品德發揮得淋漓盡致👍🏻 | 台北又多一個可以跟朋友聚會的地方~
除了小酌之外還有好吃的餐點，重點是店員都超帥!眼睛也不會餓到~推爆啦!只能說escape全方位照料你的需求，老闆有球必硬^_^想跟他喝酒也可以吶~~ | 酒很有水準，氣氛跟bartender 都是一時之選、大！推！ | 老闆人超nice～～～
調酒好喝 🩵
大推推喲！！！！！！！！ | 調酒好喝 店員人都很nice | 老闆們都超耐斯！！有型又好聊！！還可以慶生😍😍😍😍👍"
Twilight 餐酒館｜大安區酒吧｜信義安和酒吧｜,https://www.google.com/maps/place/Twilight+%E9%A4%90%E9%85%92%E9%A4%A8%EF%BD%9C%E5%A4%A7%E5%AE%89%E5%8D%80%E9%85%92%E5%90%A7%EF%BD%9C%E4%BF%A1%E7%BE%A9%E5%AE%89%E5%92%8C%E9%85%92%E5%90%A7%EF%BD%9C/data=!4m7!3m6!1s0x3442ab7644678811:0x184a2c94c472e80e!8m2!3d25.0329995!4d121.555005!16s%2Fg%2F11vkl47ps9!19sChIJEYhnRHarQjQRDuhyxJQsShg?authuser=0&hl=zh-TW&rclk=1,"餐廳位置不多，主要為高腳椅區及一般桌型，這次預約二位，分配高腳椅區，位置不太舒適，所以待沒多久用餐完畢就離開了。餐點若是參考份量，覺得稍微價高，但上菜速度滿快，這點倒是滿好的。 | 剛好遇到萬聖節🎃店裡都有裝扮
這間食物不錯 我覺得份量也夠
酒的部份蠻推煙花🎆有我愛的rum+紫蘇+梅酒🥂
只可惜只有限時兩個小時🥹🥹🥹還有高腳椅蠻不好坐的…..
不過還是可以回訪👍🏻👍🏻👍🏻 | 🔍IG：jiabaobao_foodie

捷運紅線信義安和站4號出口出來直走2分鐘

微昏暗的燈光很有情調 整體氛圍很舒服
下班與朋友小聚、小酌或是約會都好適合 ⸜♡⸝‍

等待餐點的時候竟然還有開胃飲品可以享用
當天提供的是抹茶優格～很好喝🍵✨

૭ 鱈魚塔塔迷你割包 $𝟯𝟮𝟬
૭ 鱸魚佐蒜辣檸檬油醋 $𝟯𝟴𝟬
૭ 羅勒蒜香蘑菇雞 $𝟯𝟴𝟬
૭ 自製蒜辣XO醬干貝蟹肉義大利麵 $𝟰𝟮𝟬
૭ 羅勒鮮蝦奶油燉飯 $𝟰𝟲𝟬

不論是前菜或是主食都無雷 我私心最推薦干貝義大利麵🍝
辣度很夠勁又夠味 麵體偏硬咬起來很有口感
大顆干貝熟度恰到好處 配上蟹肉和些許蔬菜 又涮嘴又好吃

鱈魚塔塔割包的塔塔醬也很香🥺
不知道大家有沒有吃過摩斯的鱈魚堡
那個香氣真的一模一樣阿我真的超愛的
鱸魚的外皮煎至酥香脆 魚肉軟嫩
搭配蒜辣洋蔥再擠上檸檬很清爽🍋

喜歡燉飯帶有米心感的 Twilight家的燉飯你會很喜歡🫶🏻
這次吃的青醬口味 調味上偏淡雅一些 五隻剝好的蝦子很加分蘑菇雞的調味超下飯
去骨雞腿肉整個吸飽飽醬汁非常入味 .ᐟ.ᐟ

૭ 煙花 $𝟰𝟬𝟬
紫蘇｜梅酒｜蘭姆酒
૭ 歲月靜好 $𝟯𝟴𝟬
伯爵茶｜桃子｜葡萄柚
૭ 春日圓舞曲 $𝟯𝟲𝟬
烏龍茶｜柚子｜紅心芭樂

想要來杯浮誇的調酒就點一杯煙花吧💥
紫蘇的香氣非常鮮明、濃烈
春日圓舞曲是紅心芭樂搭配烏龍茶 果香與茶香的融合
芭樂香氣很足 不會有奇怪的香精味🥺
歲月靜好以伯爵茶入酒 喝起來有水果茶的感覺
喜歡茶酒的可以試試看這杯
三杯調酒酒感都中偏輕 喝起來順口～

🔺平日低消 $𝟲𝟬𝟬/人
🔺假日低消 $𝟴𝟬𝟬/人 (12歲以下孩童不需低消） | 本想衝著調酒喝到飽的方案奔去，可惜9月底活動已經結束，只試喝了5杯調酒，每個酒名酒語都洽如其份，例如酒名煙花，燦爛一剎那，可惜無法嚐遍每一杯…… | 這家餐酒館是約會的絕佳選擇👍環境優雅浪漫，燈光柔和，音樂輕柔，營造出溫馨愉悅的氛圍。菜品美味精緻，搭配的紅酒也非常出色，讓每一口都充滿了驚喜與滿足。服務人員親切且專業，讓整個用餐過程更加愉快。這裡的每一個細節都展現出對顧客的關懷和用心，非常適合情侶來這裡享受美好的晚餐和彼此的陪伴。強烈推薦給想要度過一個難忘約會夜晚的朋友們❤️❤️❤️ | 調酒偏甜，要$990喝到飽菜單需要另外跟店員要；餐點中等以上，上菜非常快，兩個小時需離開。老闆很客氣請了壽星喝shot。 | 整個空間以大面積的白色為主，燈光溫暖如日出的光線，營造出舒適的用餐氛圍。店內有座位區、吧台和高腳區，高腳區的桌面較小，稍顯擁擠，因此建議先點一些餐點，等食用完再加點，店內位置有限，建議提前訂位。整體環境給人高品質感，餐點的部分也相當的精緻及美味，非常適合朋友聚會慶生～ | 店內氣氛很好，是個適合下班跟好友聊天的地方！店內人員都很親切，如果有事先訂位，桌上會有一張小卡，很可愛～
調酒的部分雖然很漂亮，不過味道普普，餐點的部分推薦烘蛋。 | 第一次來餐酒館比較難比較，低消800，餐點還不錯，松阪豬燉飯米芯煮的比較硬，酒的話我點BREEZE，帶有仙楂的香氣，朋友的整杯草莓粉很好拍，這次喝到的每杯酒 酒感都偏重，或是單純我太少喝哈哈。店內氛圍感很高級 剛進來會有迎賓果醋 離場前還有 shot杯 算是蠻特別的體驗 | 氛圍營造的超棒！
是個很讓人放鬆的地方，
適合好友談心、慶生、小酌
是個色、香、味俱全的地方❤️
超推薦奧羅拉這杯酒
好看又好喝！
隨著特製冰塊的融化
每一個時間都可以感受到不一樣的感覺！
附上的小卡帶有香味，
聞了可以讓心情放鬆一整晚🥰
食物也好吃！看起來份量不多，
但是我們兩個超級飽🤣"
安慰劑 Placebo Taipei,https://www.google.com/maps/place/%E5%AE%89%E6%85%B0%E5%8A%91+Placebo+Taipei/data=!4m7!3m6!1s0x3442abcaf14d1a35:0xca59c4fe8574e876!8m2!3d25.0300709!4d121.5579706!16s%2Fg%2F11crydqv8w!19sChIJNRpN8cqrQjQRduh0hf7EWco?authuser=0&hl=zh-TW&rclk=1,
MQ - Marquee Taipei,https://www.google.com/maps/place/MQ+-+Marquee+Taipei/data=!4m7!3m6!1s0x3442abb688a5e54d:0xf0f83d6abd6367f0!8m2!3d25.0325115!4d121.5631925!16s%2Fg%2F1vm784gw!19sChIJTeWliLarQjQR8GdjvWo9-PA?authuser=0&hl=zh-TW&rclk=1,
榕 RON Xinyi,https://www.google.com/maps/place/%E6%A6%95+RON+Xinyi/data=!4m7!3m6!1s0x3442abca10c6d60d:0x7d87ed75a31f0ad3!8m2!3d25.03222!4d121.5589026!16s%2Fg%2F11f10dzn2f!19sChIJDdbGEMqrQjQR0wofo3Xth30?authuser=0&hl=zh-TW&rclk=1,
榕 RON Xinyi·開啟過的連結,https://www.google.com/maps/place/%E6%A6%95+RON+Xinyi/data=!4m7!3m6!1s0x3442abca10c6d60d:0x7d87ed75a31f0ad3!8m2!3d25.03222!4d121.5589026!16s%2Fg%2F11f10dzn2f!19sChIJDdbGEMqrQjQR0wofo3Xth30?authuser=0&hl=zh-TW&rclk=1,
來吧台北日式餐酒館-酒吧調酒暢飲 taipeibar 約會餐廳 必訪信義區酒吧 PTT Dcard 台北酒吧 台北餐酒館 taipeifood 國父紀念館酒吧 國父紀念館餐酒館 大安酒吧 信義區餐酒館 信義區暢飲,https://www.google.com/maps/place/%E4%BE%86%E5%90%A7%E5%8F%B0%E5%8C%97%E6%97%A5%E5%BC%8F%E9%A4%90%E9%85%92%E9%A4%A8-%E9%85%92%E5%90%A7%E8%AA%BF%E9%85%92%E6%9A%A2%E9%A3%B2+taipeibar+%E7%B4%84%E6%9C%83%E9%A4%90%E5%BB%B3+%E5%BF%85%E8%A8%AA%E4%BF%A1%E7%BE%A9%E5%8D%80%E9%85%92%E5%90%A7+PTT+Dcard+%E5%8F%B0%E5%8C%97%E9%85%92%E5%90%A7+%E5%8F%B0%E5%8C%97%E9%A4%90%E9%85%92%E9%A4%A8+taipeifood+%E5%9C%8B%E7%88%B6%E7%B4%80%E5%BF%B5%E9%A4%A8%E9%85%92%E5%90%A7+%E5%9C%8B%E7%88%B6%E7%B4%80%E5%BF%B5%E9%A4%A8%E9%A4%90%E9%85%92%E9%A4%A8+%E5%A4%A7%E5%AE%89%E9%85%92%E5%90%A7+%E4%BF%A1%E7%BE%A9%E5%8D%80%E9%A4%90%E9%85%92%E9%A4%A8+%E4%BF%A1%E7%BE%A9%E5%8D%80%E6%9A%A2%E9%A3%B2/data=!4m7!3m6!1s0x3442abc8427f83f9:0xccfd27fe730ad56d!8m2!3d25.0371557!4d121.5579345!16s%2Fg%2F11dfjy7p66!19sChIJ-YN_QsirQjQRbdUKc_4n_cw?authuser=0&hl=zh-TW&rclk=1,
Escape Bar｜台北酒吧｜信義區酒吧｜台北餐酒館｜信義區餐酒館｜台北信義區B,https://www.google.com/maps/place/Escape+Bar%EF%BD%9C%E5%8F%B0%E5%8C%97%E9%85%92%E5%90%A7%EF%BD%9C%E4%BF%A1%E7%BE%A9%E5%8D%80%E9%85%92%E5%90%A7%EF%BD%9C%E5%8F%B0%E5%8C%97%E9%A4%90%E9%85%92%E9%A4%A8%EF%BD%9C%E4%BF%A1%E7%BE%A9%E5%8D%80%E9%A4%90%E9%85%92%E9%A4%A8%EF%BD%9C%E5%8F%B0%E5%8C%97%E4%BF%A1%E7%BE%A9%E5%8D%80B/data=!4m7!3m6!1s0x3442ab6a15374dd7:0x6cd342cae6635ce3!8m2!3d25.0320572!4d121.5580747!16s%2Fg%2F11kpldjvyp!19sChIJ1003FWqrQjQR41xj5spC02w?authuser=0&hl=zh-TW&rclk=1,"┇IG：ypj__0316┇
-
#蒜油鮮蝦義大利麵 ᴺᵀ³²⁰
#網紅蛋包飯 ᴺᵀ³⁶⁰
#台式拼盤 ᴺᵀ⁴⁸⁰
#生蠔 ᴺᵀ¹⁵⁰
#WAT ᴺᵀ²⁵⁰
#SAM ᴺᵀ³⁵⁰
#JENNIFER ᴺᵀ³⁵⁰

私心推薦我的愛店🍺
位於信義區新開的酒吧 離101距離很近
絕對是聖誕節、跨年與好友相聚
情人約會的好地方🥰
還記得那天點了兩份主餐一份拼盤！🍚
份量多用料很實在🤤

網美蛋包飯 師傅製作好後
會上桌在客人面前撒上香料 淋上醬汁後切開
整個蛋包飯的香味直接擴散開來！🍳
蒜油鮮蝦義大利麵 蝦子超大隻🦐
不是一般外面的那種小蝦仁
義大利麵的醬汁也是完美融合在整份餐點中
讓人大快朵頤🍝
特別的是這邊不只有常見的炸物拼盤
竟然還有香腸與鹹豬肉合體的台式拼盤
讓喜歡吃台式料理的我
多了一道很棒的下酒菜
肉質軟嫩、海鮮新鮮 超下飯🦞

不馬虎的料理 搭配不馬虎的酒水
除非一般常見的酒類以外
這邊非常推薦一隻WAT精釀啤酒
有檸檬茶跟蘋果紅茶的口味
喝起來沒什麼酒味 真的像飲料很好喝
酒單也特別 以老闆、朋友命名的調酒
每杯都有不同的風味
這次喝了SAM跟JENNIFER
下次一定要慢慢把所有特調都喝過一輪🥃

非常推薦大家可以跟三五好友來ESCAPE
第一次來就在這待蠻久的🍻
現代風環境 位置舒服寬敞🫶🏻
老闆們還會下來一起聊天玩樂
偶爾會有DJ來這邊放歌🎵
整個有很棒的快樂氛圍

❗️跨年派對❗️
步行20秒可以看到101煙火
指定調酒&啤酒&SHOT無限暢飲
20:00-01:00暢飲5小時ɴᴛ1200
01:00-05:00暢飲4小時ɴᴛ1000
座位數量有限 建議提早訂位
(🉑️私訊IG小盒子)

-
#潔の食 #潔ᴱᴬᵀ台北
#escape餐酒館 #escapetpc
#escape #escape酒吧 #escapebar
#餐酒館 #台北餐酒館 #信義區餐酒館
#酒吧 #台北酒吧 #信義區酒吧
#台北美食 #信義區美食
#食記 #相機先食 #手機先食
──────────────────── | 杯具與環境非常舒服，酸甜感舒服宜人，香氣到口感到口味與整杯酒喝完的時間節奏都很剛好 | 給一星都嫌太高，半夜三四點仍然大聲喧嘩，嚴重影響住戶安寧，走廊一堆煙蒂，造成環境髒亂 | 凌晨三點，十幾人在騎樓大聲吵鬧
你們酒吧都不管一下嗎？樓上都是住户耶😊 … | 每到假日騎樓外站一堆人，然後吵到不行
請問店家不知道附近是很多住宅嗎？
完全沒顧及過居民的感受耶😄
大家都不用睡覺了是不是😉
真的好棒👍🏻完全將沒品德發揮得淋漓盡致👍🏻 | 台北又多一個可以跟朋友聚會的地方~
除了小酌之外還有好吃的餐點，重點是店員都超帥!眼睛也不會餓到~推爆啦!只能說escape全方位照料你的需求，老闆有球必硬^_^想跟他喝酒也可以吶~~ | 酒很有水準，氣氛跟bartender 都是一時之選、大！推！ | 老闆人超nice～～～
調酒好喝 🩵
大推推喲！！！！！！！！ | 調酒好喝 店員人都很nice | 老闆們都超耐斯！！有型又好聊！！還可以慶生😍😍😍😍👍"
Twilight 餐酒館｜大安區酒吧｜信義安和酒吧｜,https://www.google.com/maps/place/Twilight+%E9%A4%90%E9%85%92%E9%A4%A8%EF%BD%9C%E5%A4%A7%E5%AE%89%E5%8D%80%E9%85%92%E5%90%A7%EF%BD%9C%E4%BF%A1%E7%BE%A9%E5%AE%89%E5%92%8C%E9%85%92%E5%90%A7%EF%BD%9C/data=!4m7!3m6!1s0x3442ab7644678811:0x184a2c94c472e80e!8m2!3d25.0329995!4d121.555005!16s%2Fg%2F11vkl47ps9!19sChIJEYhnRHarQjQRDuhyxJQsShg?authuser=0&hl=zh-TW&rclk=1,"餐廳位置不多，主要為高腳椅區及一般桌型，這次預約二位，分配高腳椅區，位置不太舒適，所以待沒多久用餐完畢就離開了。餐點若是參考份量，覺得稍微價高，但上菜速度滿快，這點倒是滿好的。 | 剛好遇到萬聖節🎃店裡都有裝扮
這間食物不錯 我覺得份量也夠
酒的部份蠻推煙花🎆有我愛的rum+紫蘇+梅酒🥂
只可惜只有限時兩個小時🥹🥹🥹還有高腳椅蠻不好坐的…..
不過還是可以回訪👍🏻👍🏻👍🏻 | 🔍IG：jiabaobao_foodie

捷運紅線信義安和站4號出口出來直走2分鐘

微昏暗的燈光很有情調 整體氛圍很舒服
下班與朋友小聚、小酌或是約會都好適合 ⸜♡⸝‍

等待餐點的時候竟然還有開胃飲品可以享用
當天提供的是抹茶優格～很好喝🍵✨

૭ 鱈魚塔塔迷你割包 $𝟯𝟮𝟬
૭ 鱸魚佐蒜辣檸檬油醋 $𝟯𝟴𝟬
૭ 羅勒蒜香蘑菇雞 $𝟯𝟴𝟬
૭ 自製蒜辣XO醬干貝蟹肉義大利麵 $𝟰𝟮𝟬
૭ 羅勒鮮蝦奶油燉飯 $𝟰𝟲𝟬

不論是前菜或是主食都無雷 我私心最推薦干貝義大利麵🍝
辣度很夠勁又夠味 麵體偏硬咬起來很有口感
大顆干貝熟度恰到好處 配上蟹肉和些許蔬菜 又涮嘴又好吃

鱈魚塔塔割包的塔塔醬也很香🥺
不知道大家有沒有吃過摩斯的鱈魚堡
那個香氣真的一模一樣阿我真的超愛的
鱸魚的外皮煎至酥香脆 魚肉軟嫩
搭配蒜辣洋蔥再擠上檸檬很清爽🍋

喜歡燉飯帶有米心感的 Twilight家的燉飯你會很喜歡🫶🏻
這次吃的青醬口味 調味上偏淡雅一些 五隻剝好的蝦子很加分蘑菇雞的調味超下飯
去骨雞腿肉整個吸飽飽醬汁非常入味 .ᐟ.ᐟ

૭ 煙花 $𝟰𝟬𝟬
紫蘇｜梅酒｜蘭姆酒
૭ 歲月靜好 $𝟯𝟴𝟬
伯爵茶｜桃子｜葡萄柚
૭ 春日圓舞曲 $𝟯𝟲𝟬
烏龍茶｜柚子｜紅心芭樂

想要來杯浮誇的調酒就點一杯煙花吧💥
紫蘇的香氣非常鮮明、濃烈
春日圓舞曲是紅心芭樂搭配烏龍茶 果香與茶香的融合
芭樂香氣很足 不會有奇怪的香精味🥺
歲月靜好以伯爵茶入酒 喝起來有水果茶的感覺
喜歡茶酒的可以試試看這杯
三杯調酒酒感都中偏輕 喝起來順口～

🔺平日低消 $𝟲𝟬𝟬/人
🔺假日低消 $𝟴𝟬𝟬/人 (12歲以下孩童不需低消） | 本想衝著調酒喝到飽的方案奔去，可惜9月底活動已經結束，只試喝了5杯調酒，每個酒名酒語都洽如其份，例如酒名煙花，燦爛一剎那，可惜無法嚐遍每一杯…… | 這家餐酒館是約會的絕佳選擇👍環境優雅浪漫，燈光柔和，音樂輕柔，營造出溫馨愉悅的氛圍。菜品美味精緻，搭配的紅酒也非常出色，讓每一口都充滿了驚喜與滿足。服務人員親切且專業，讓整個用餐過程更加愉快。這裡的每一個細節都展現出對顧客的關懷和用心，非常適合情侶來這裡享受美好的晚餐和彼此的陪伴。強烈推薦給想要度過一個難忘約會夜晚的朋友們❤️❤️❤️ | 調酒偏甜，要$990喝到飽菜單需要另外跟店員要；餐點中等以上，上菜非常快，兩個小時需離開。老闆很客氣請了壽星喝shot。 | 整個空間以大面積的白色為主，燈光溫暖如日出的光線，營造出舒適的用餐氛圍。店內有座位區、吧台和高腳區，高腳區的桌面較小，稍顯擁擠，因此建議先點一些餐點，等食用完再加點，店內位置有限，建議提前訂位。整體環境給人高品質感，餐點的部分也相當的精緻及美味，非常適合朋友聚會慶生～ | 店內氣氛很好，是個適合下班跟好友聊天的地方！店內人員都很親切，如果有事先訂位，桌上會有一張小卡，很可愛～
調酒的部分雖然很漂亮，不過味道普普，餐點的部分推薦烘蛋。 | 第一次來餐酒館比較難比較，低消800，餐點還不錯，松阪豬燉飯米芯煮的比較硬，酒的話我點BREEZE，帶有仙楂的香氣，朋友的整杯草莓粉很好拍，這次喝到的每杯酒 酒感都偏重，或是單純我太少喝哈哈。店內氛圍感很高級 剛進來會有迎賓果醋 離場前還有 shot杯 算是蠻特別的體驗 | 氛圍營造的超棒！
是個很讓人放鬆的地方，
適合好友談心、慶生、小酌
是個色、香、味俱全的地方❤️
超推薦奧羅拉這杯酒
好看又好喝！
隨著特製冰塊的融化
每一個時間都可以感受到不一樣的感覺！
附上的小卡帶有香味，
聞了可以讓心情放鬆一整晚🥰
食物也好吃！看起來份量不多，
但是我們兩個超級飽🤣"
安慰劑 Placebo Taipei,https://www.google.com/maps/place/%E5%AE%89%E6%85%B0%E5%8A%91+Placebo+Taipei/data=!4m7!3m6!1s0x3442abcaf14d1a35:0xca59c4fe8574e876!8m2!3d25.0300709!4d121.5579706!16s%2Fg%2F11crydqv8w!19sChIJNRpN8cqrQjQRduh0hf7EWco?authuser=0&hl=zh-TW&rclk=1,
MQ - Marquee Taipei,https://www.google.com/maps/place/MQ+-+Marquee+Taipei/data=!4m7!3m6!1s0x3442abb688a5e54d:0xf0f83d6abd6367f0!8m2!3d25.0325115!4d121.5631925!16s%2Fg%2F1vm784gw!19sChIJTeWliLarQjQR8GdjvWo9-PA?authuser=0&hl=zh-TW&rclk=1,
attic trade company,https://www.google.com/maps/place/attic+trade+company/data=!4m7!3m6!1s0x3442ab4cf4ffbfff:0x794a71dabaee4abe!8m2!3d25.032209!4d121.5589464!16s%2Fg%2F11f4z57r9l!19sChIJ_7__9EyrQjQRvkruutpxSnk?authuser=0&hl=zh-TW&rclk=1,
榕 RON Xinyi,https://www.google.com/maps/place/%E6%A6%95+RON+Xinyi/data=!4m7!3m6!1s0x3442abca10c6d60d:0x7d87ed75a31f0ad3!8m2!3d25.03222!4d121.5589026!16s%2Fg%2F11f10dzn2f!19sChIJDdbGEMqrQjQR0wofo3Xth30?authuser=0&hl=zh-TW&rclk=1,
榕 RON Xinyi·開啟過的連結,https://www.google.com/maps/place/%E6%A6%95+RON+Xinyi/data=!4m7!3m6!1s0x3442abca10c6d60d:0x7d87ed75a31f0ad3!8m2!3d25.03222!4d121.5589026!16s%2Fg%2F11f10dzn2f!19sChIJDdbGEMqrQjQR0wofo3Xth30?authuser=0&hl=zh-TW&rclk=1,
來吧台北日式餐酒館-酒吧調酒暢飲 taipeibar 約會餐廳 必訪信義區酒吧 PTT Dcard 台北酒吧 台北餐酒館 taipeifood 國父紀念館酒吧 國父紀念館餐酒館 大安酒吧 信義區餐酒館 信義區暢飲,https://www.google.com/maps/place/%E4%BE%86%E5%90%A7%E5%8F%B0%E5%8C%97%E6%97%A5%E5%BC%8F%E9%A4%90%E9%85%92%E9%A4%A8-%E9%85%92%E5%90%A7%E8%AA%BF%E9%85%92%E6%9A%A2%E9%A3%B2+taipeibar+%E7%B4%84%E6%9C%83%E9%A4%90%E5%BB%B3+%E5%BF%85%E8%A8%AA%E4%BF%A1%E7%BE%A9%E5%8D%80%E9%85%92%E5%90%A7+PTT+Dcard+%E5%8F%B0%E5%8C%97%E9%85%92%E5%90%A7+%E5%8F%B0%E5%8C%97%E9%A4%90%E9%85%92%E9%A4%A8+taipeifood+%E5%9C%8B%E7%88%B6%E7%B4%80%E5%BF%B5%E9%A4%A8%E9%85%92%E5%90%A7+%E5%9C%8B%E7%88%B6%E7%B4%80%E5%BF%B5%E9%A4%A8%E9%A4%90%E9%85%92%E9%A4%A8+%E5%A4%A7%E5%AE%89%E9%85%92%E5%90%A7+%E4%BF%A1%E7%BE%A9%E5%8D%80%E9%A4%90%E9%85%92%E9%A4%A8+%E4%BF%A1%E7%BE%A9%E5%8D%80%E6%9A%A2%E9%A3%B2/data=!4m7!3m6!1s0x3442abc8427f83f9:0xccfd27fe730ad56d!8m2!3d25.0371557!4d121.5579345!16s%2Fg%2F11dfjy7p66!19sChIJ-YN_QsirQjQRbdUKc_4n_cw?authuser=0&hl=zh-TW&rclk=1,
Escape Bar｜台北酒吧｜信義區酒吧｜台北餐酒館｜信義區餐酒館｜台北信義區B,https://www.google.com/maps/place/Escape+Bar%EF%BD%9C%E5%8F%B0%E5%8C%97%E9%85%92%E5%90%A7%EF%BD%9C%E4%BF%A1%E7%BE%A9%E5%8D%80%E9%85%92%E5%90%A7%EF%BD%9C%E5%8F%B0%E5%8C%97%E9%A4%90%E9%85%92%E9%A4%A8%EF%BD%9C%E4%BF%A1%E7%BE%A9%E5%8D%80%E9%A4%90%E9%85%92%E9%A4%A8%EF%BD%9C%E5%8F%B0%E5%8C%97%E4%BF%A1%E7%BE%A9%E5%8D%80B/data=!4m7!3m6!1s0x3442ab6a15374dd7:0x6cd342cae6635ce3!8m2!3d25.0320572!4d121.5580747!16s%2Fg%2F11kpldjvyp!19sChIJ1003FWqrQjQR41xj5spC02w?authuser=0&hl=zh-TW&rclk=1,"┇IG：ypj__0316┇
-
#蒜油鮮蝦義大利麵 ᴺᵀ³²⁰
#網紅蛋包飯 ᴺᵀ³⁶⁰
#台式拼盤 ᴺᵀ⁴⁸⁰
#生蠔 ᴺᵀ¹⁵⁰
#WAT ᴺᵀ²⁵⁰
#SAM ᴺᵀ³⁵⁰
#JENNIFER ᴺᵀ³⁵⁰

私心推薦我的愛店🍺
位於信義區新開的酒吧 離101距離很近
絕對是聖誕節、跨年與好友相聚
情人約會的好地方🥰
還記得那天點了兩份主餐一份拼盤！🍚
份量多用料很實在🤤

網美蛋包飯 師傅製作好後
會上桌在客人面前撒上香料 淋上醬汁後切開
整個蛋包飯的香味直接擴散開來！🍳
蒜油鮮蝦義大利麵 蝦子超大隻🦐
不是一般外面的那種小蝦仁
義大利麵的醬汁也是完美融合在整份餐點中
讓人大快朵頤🍝
特別的是這邊不只有常見的炸物拼盤
竟然還有香腸與鹹豬肉合體的台式拼盤
讓喜歡吃台式料理的我
多了一道很棒的下酒菜
肉質軟嫩、海鮮新鮮 超下飯🦞

不馬虎的料理 搭配不馬虎的酒水
除非一般常見的酒類以外
這邊非常推薦一隻WAT精釀啤酒
有檸檬茶跟蘋果紅茶的口味
喝起來沒什麼酒味 真的像飲料很好喝
酒單也特別 以老闆、朋友命名的調酒
每杯都有不同的風味
這次喝了SAM跟JENNIFER
下次一定要慢慢把所有特調都喝過一輪🥃

非常推薦大家可以跟三五好友來ESCAPE
第一次來就在這待蠻久的🍻
現代風環境 位置舒服寬敞🫶🏻
老闆們還會下來一起聊天玩樂
偶爾會有DJ來這邊放歌🎵
整個有很棒的快樂氛圍

❗️跨年派對❗️
步行20秒可以看到101煙火
指定調酒&啤酒&SHOT無限暢飲
20:00-01:00暢飲5小時ɴᴛ1200
01:00-05:00暢飲4小時ɴᴛ1000
座位數量有限 建議提早訂位
(🉑️私訊IG小盒子)

-
#潔の食 #潔ᴱᴬᵀ台北
#escape餐酒館 #escapetpc
#escape #escape酒吧 #escapebar
#餐酒館 #台北餐酒館 #信義區餐酒館
#酒吧 #台北酒吧 #信義區酒吧
#台北美食 #信義區美食
#食記 #相機先食 #手機先食
──────────────────── | 杯具與環境非常舒服，酸甜感舒服宜人，香氣到口感到口味與整杯酒喝完的時間節奏都很剛好 | 給一星都嫌太高，半夜三四點仍然大聲喧嘩，嚴重影響住戶安寧，走廊一堆煙蒂，造成環境髒亂 | 凌晨三點，十幾人在騎樓大聲吵鬧
你們酒吧都不管一下嗎？樓上都是住户耶😊 … | 每到假日騎樓外站一堆人，然後吵到不行
請問店家不知道附近是很多住宅嗎？
完全沒顧及過居民的感受耶😄
大家都不用睡覺了是不是😉
真的好棒👍🏻完全將沒品德發揮得淋漓盡致👍🏻 | 台北又多一個可以跟朋友聚會的地方~
除了小酌之外還有好吃的餐點，重點是店員都超帥!眼睛也不會餓到~推爆啦!只能說escape全方位照料你的需求，老闆有球必硬^_^想跟他喝酒也可以吶~~ | 酒很有水準，氣氛跟bartender 都是一時之選、大！推！ | 老闆人超nice～～～
調酒好喝 🩵
大推推喲！！！！！！！！ | 調酒好喝 店員人都很nice | 老闆們都超耐斯！！有型又好聊！！還可以慶生😍😍😍😍👍"
Twilight 餐酒館｜大安區酒吧｜信義安和酒吧｜,https://www.google.com/maps/place/Twilight+%E9%A4%90%E9%85%92%E9%A4%A8%EF%BD%9C%E5%A4%A7%E5%AE%89%E5%8D%80%E9%85%92%E5%90%A7%EF%BD%9C%E4%BF%A1%E7%BE%A9%E5%AE%89%E5%92%8C%E9%85%92%E5%90%A7%EF%BD%9C/data=!4m7!3m6!1s0x3442ab7644678811:0x184a2c94c472e80e!8m2!3d25.0329995!4d121.555005!16s%2Fg%2F11vkl47ps9!19sChIJEYhnRHarQjQRDuhyxJQsShg?authuser=0&hl=zh-TW&rclk=1,"餐廳位置不多，主要為高腳椅區及一般桌型，這次預約二位，分配高腳椅區，位置不太舒適，所以待沒多久用餐完畢就離開了。餐點若是參考份量，覺得稍微價高，但上菜速度滿快，這點倒是滿好的。 | 剛好遇到萬聖節🎃店裡都有裝扮
這間食物不錯 我覺得份量也夠
酒的部份蠻推煙花🎆有我愛的rum+紫蘇+梅酒🥂
只可惜只有限時兩個小時🥹🥹🥹還有高腳椅蠻不好坐的…..
不過還是可以回訪👍🏻👍🏻👍🏻 | 🔍IG：jiabaobao_foodie

捷運紅線信義安和站4號出口出來直走2分鐘

微昏暗的燈光很有情調 整體氛圍很舒服
下班與朋友小聚、小酌或是約會都好適合 ⸜♡⸝‍

等待餐點的時候竟然還有開胃飲品可以享用
當天提供的是抹茶優格～很好喝🍵✨

૭ 鱈魚塔塔迷你割包 $𝟯𝟮𝟬
૭ 鱸魚佐蒜辣檸檬油醋 $𝟯𝟴𝟬
૭ 羅勒蒜香蘑菇雞 $𝟯𝟴𝟬
૭ 自製蒜辣XO醬干貝蟹肉義大利麵 $𝟰𝟮𝟬
૭ 羅勒鮮蝦奶油燉飯 $𝟰𝟲𝟬

不論是前菜或是主食都無雷 我私心最推薦干貝義大利麵🍝
辣度很夠勁又夠味 麵體偏硬咬起來很有口感
大顆干貝熟度恰到好處 配上蟹肉和些許蔬菜 又涮嘴又好吃

鱈魚塔塔割包的塔塔醬也很香🥺
不知道大家有沒有吃過摩斯的鱈魚堡
那個香氣真的一模一樣阿我真的超愛的
鱸魚的外皮煎至酥香脆 魚肉軟嫩
搭配蒜辣洋蔥再擠上檸檬很清爽🍋

喜歡燉飯帶有米心感的 Twilight家的燉飯你會很喜歡🫶🏻
這次吃的青醬口味 調味上偏淡雅一些 五隻剝好的蝦子很加分蘑菇雞的調味超下飯
去骨雞腿肉整個吸飽飽醬汁非常入味 .ᐟ.ᐟ

૭ 煙花 $𝟰𝟬𝟬
紫蘇｜梅酒｜蘭姆酒
૭ 歲月靜好 $𝟯𝟴𝟬
伯爵茶｜桃子｜葡萄柚
૭ 春日圓舞曲 $𝟯𝟲𝟬
烏龍茶｜柚子｜紅心芭樂

想要來杯浮誇的調酒就點一杯煙花吧💥
紫蘇的香氣非常鮮明、濃烈
春日圓舞曲是紅心芭樂搭配烏龍茶 果香與茶香的融合
芭樂香氣很足 不會有奇怪的香精味🥺
歲月靜好以伯爵茶入酒 喝起來有水果茶的感覺
喜歡茶酒的可以試試看這杯
三杯調酒酒感都中偏輕 喝起來順口～

🔺平日低消 $𝟲𝟬𝟬/人
🔺假日低消 $𝟴𝟬𝟬/人 (12歲以下孩童不需低消） | 本想衝著調酒喝到飽的方案奔去，可惜9月底活動已經結束，只試喝了5杯調酒，每個酒名酒語都洽如其份，例如酒名煙花，燦爛一剎那，可惜無法嚐遍每一杯…… | 這家餐酒館是約會的絕佳選擇👍環境優雅浪漫，燈光柔和，音樂輕柔，營造出溫馨愉悅的氛圍。菜品美味精緻，搭配的紅酒也非常出色，讓每一口都充滿了驚喜與滿足。服務人員親切且專業，讓整個用餐過程更加愉快。這裡的每一個細節都展現出對顧客的關懷和用心，非常適合情侶來這裡享受美好的晚餐和彼此的陪伴。強烈推薦給想要度過一個難忘約會夜晚的朋友們❤️❤️❤️ | 調酒偏甜，要$990喝到飽菜單需要另外跟店員要；餐點中等以上，上菜非常快，兩個小時需離開。老闆很客氣請了壽星喝shot。 | 整個空間以大面積的白色為主，燈光溫暖如日出的光線，營造出舒適的用餐氛圍。店內有座位區、吧台和高腳區，高腳區的桌面較小，稍顯擁擠，因此建議先點一些餐點，等食用完再加點，店內位置有限，建議提前訂位。整體環境給人高品質感，餐點的部分也相當的精緻及美味，非常適合朋友聚會慶生～ | 店內氣氛很好，是個適合下班跟好友聊天的地方！店內人員都很親切，如果有事先訂位，桌上會有一張小卡，很可愛～
調酒的部分雖然很漂亮，不過味道普普，餐點的部分推薦烘蛋。 | 第一次來餐酒館比較難比較，低消800，餐點還不錯，松阪豬燉飯米芯煮的比較硬，酒的話我點BREEZE，帶有仙楂的香氣，朋友的整杯草莓粉很好拍，這次喝到的每杯酒 酒感都偏重，或是單純我太少喝哈哈。店內氛圍感很高級 剛進來會有迎賓果醋 離場前還有 shot杯 算是蠻特別的體驗 | 氛圍營造的超棒！
是個很讓人放鬆的地方，
適合好友談心、慶生、小酌
是個色、香、味俱全的地方❤️
超推薦奧羅拉這杯酒
好看又好喝！
隨著特製冰塊的融化
每一個時間都可以感受到不一樣的感覺！
附上的小卡帶有香味，
聞了可以讓心情放鬆一整晚🥰
食物也好吃！看起來份量不多，
但是我們兩個超級飽🤣"
安慰劑 Placebo Taipei,https://www.google.com/maps/place/%E5%AE%89%E6%85%B0%E5%8A%91+Placebo+Taipei/data=!4m7!3m6!1s0x3442abcaf14d1a35:0xca59c4fe8574e876!8m2!3d25.0300709!4d121.5579706!16s%2Fg%2F11crydqv8w!19sChIJNRpN8cqrQjQRduh0hf7EWco?authuser=0&hl=zh-TW&rclk=1,
MQ - Marquee Taipei,https://www.google.com/maps/place/MQ+-+Marquee+Taipei/data=!4m7!3m6!1s0x3442abb688a5e54d:0xf0f83d6abd6367f0!8m2!3d25.0325115!4d121.5631925!16s%2Fg%2F1vm784gw!19sChIJTeWliLarQjQR8GdjvWo9-PA?authuser=0&hl=zh-TW&rclk=1,
attic trade company,https://www.google.com/maps/place/attic+trade+company/data=!4m7!3m6!1s0x3442ab4cf4ffbfff:0x794a71dabaee4abe!8m2!3d25.032209!4d121.5589464!16s%2Fg%2F11f4z57r9l!19sChIJ_7__9EyrQjQRvkruutpxSnk?authuser=0&hl=zh-TW&rclk=1,
XD－Bar,https://www.google.com/maps/place/XD%EF%BC%8DBar/data=!4m7!3m6!1s0x3442abd0f3924f69:0x6ba4451d9b787688!8m2!3d25.0406227!4d121.5654586!16s%2Fg%2F11srgxxylq!19sChIJaU-S89CrQjQRiHZ4mx1FpGs?authuser=0&hl=zh-TW&rclk=1,
榕 RON Xinyi,https://www.google.com/maps/place/%E6%A6%95+RON+Xinyi/data=!4m7!3m6!1s0x3442abca10c6d60d:0x7d87ed75a31f0ad3!8m2!3d25.03222!4d121.5589026!16s%2Fg%2F11f10dzn2f!19sChIJDdbGEMqrQjQR0wofo3Xth30?authuser=0&hl=zh-TW&rclk=1,
榕 RON Xinyi·開啟過的連結,https://www.google.com/maps/place/%E6%A6%95+RON+Xinyi/data=!4m7!3m6!1s0x3442abca10c6d60d:0x7d87ed75a31f0ad3!8m2!3d25.03222!4d121.5589026!16s%2Fg%2F11f10dzn2f!19sChIJDdbGEMqrQjQR0wofo3Xth30?authuser=0&hl=zh-TW&rclk=1,
來吧台北日式餐酒館-酒吧調酒暢飲 taipeibar 約會餐廳 必訪信義區酒吧 PTT Dcard 台北酒吧 台北餐酒館 taipeifood 國父紀念館酒吧 國父紀念館餐酒館 大安酒吧 信義區餐酒館 信義區暢飲,https://www.google.com/maps/place/%E4%BE%86%E5%90%A7%E5%8F%B0%E5%8C%97%E6%97%A5%E5%BC%8F%E9%A4%90%E9%85%92%E9%A4%A8-%E9%85%92%E5%90%A7%E8%AA%BF%E9%85%92%E6%9A%A2%E9%A3%B2+taipeibar+%E7%B4%84%E6%9C%83%E9%A4%90%E5%BB%B3+%E5%BF%85%E8%A8%AA%E4%BF%A1%E7%BE%A9%E5%8D%80%E9%85%92%E5%90%A7+PTT+Dcard+%E5%8F%B0%E5%8C%97%E9%85%92%E5%90%A7+%E5%8F%B0%E5%8C%97%E9%A4%90%E9%85%92%E9%A4%A8+taipeifood+%E5%9C%8B%E7%88%B6%E7%B4%80%E5%BF%B5%E9%A4%A8%E9%85%92%E5%90%A7+%E5%9C%8B%E7%88%B6%E7%B4%80%E5%BF%B5%E9%A4%A8%E9%A4%90%E9%85%92%E9%A4%A8+%E5%A4%A7%E5%AE%89%E9%85%92%E5%90%A7+%E4%BF%A1%E7%BE%A9%E5%8D%80%E9%A4%90%E9%85%92%E9%A4%A8+%E4%BF%A1%E7%BE%A9%E5%8D%80%E6%9A%A2%E9%A3%B2/data=!4m7!3m6!1s0x3442abc8427f83f9:0xccfd27fe730ad56d!8m2!3d25.0371557!4d121.5579345!16s%2Fg%2F11dfjy7p66!19sChIJ-YN_QsirQjQRbdUKc_4n_cw?authuser=0&hl=zh-TW&rclk=1,
Escape Bar｜台北酒吧｜信義區酒吧｜台北餐酒館｜信義區餐酒館｜台北信義區B,https://www.google.com/maps/place/Escape+Bar%EF%BD%9C%E5%8F%B0%E5%8C%97%E9%85%92%E5%90%A7%EF%BD%9C%E4%BF%A1%E7%BE%A9%E5%8D%80%E9%85%92%E5%90%A7%EF%BD%9C%E5%8F%B0%E5%8C%97%E9%A4%90%E9%85%92%E9%A4%A8%EF%BD%9C%E4%BF%A1%E7%BE%A9%E5%8D%80%E9%A4%90%E9%85%92%E9%A4%A8%EF%BD%9C%E5%8F%B0%E5%8C%97%E4%BF%A1%E7%BE%A9%E5%8D%80B/data=!4m7!3m6!1s0x3442ab6a15374dd7:0x6cd342cae6635ce3!8m2!3d25.0320572!4d121.5580747!16s%2Fg%2F11kpldjvyp!19sChIJ1003FWqrQjQR41xj5spC02w?authuser=0&hl=zh-TW&rclk=1,"┇IG：ypj__0316┇
-
#蒜油鮮蝦義大利麵 ᴺᵀ³²⁰
#網紅蛋包飯 ᴺᵀ³⁶⁰
#台式拼盤 ᴺᵀ⁴⁸⁰
#生蠔 ᴺᵀ¹⁵⁰
#WAT ᴺᵀ²⁵⁰
#SAM ᴺᵀ³⁵⁰
#JENNIFER ᴺᵀ³⁵⁰

私心推薦我的愛店🍺
位於信義區新開的酒吧 離101距離很近
絕對是聖誕節、跨年與好友相聚
情人約會的好地方🥰
還記得那天點了兩份主餐一份拼盤！🍚
份量多用料很實在🤤

網美蛋包飯 師傅製作好後
會上桌在客人面前撒上香料 淋上醬汁後切開
整個蛋包飯的香味直接擴散開來！🍳
蒜油鮮蝦義大利麵 蝦子超大隻🦐
不是一般外面的那種小蝦仁
義大利麵的醬汁也是完美融合在整份餐點中
讓人大快朵頤🍝
特別的是這邊不只有常見的炸物拼盤
竟然還有香腸與鹹豬肉合體的台式拼盤
讓喜歡吃台式料理的我
多了一道很棒的下酒菜
肉質軟嫩、海鮮新鮮 超下飯🦞

不馬虎的料理 搭配不馬虎的酒水
除非一般常見的酒類以外
這邊非常推薦一隻WAT精釀啤酒
有檸檬茶跟蘋果紅茶的口味
喝起來沒什麼酒味 真的像飲料很好喝
酒單也特別 以老闆、朋友命名的調酒
每杯都有不同的風味
這次喝了SAM跟JENNIFER
下次一定要慢慢把所有特調都喝過一輪🥃

非常推薦大家可以跟三五好友來ESCAPE
第一次來就在這待蠻久的🍻
現代風環境 位置舒服寬敞🫶🏻
老闆們還會下來一起聊天玩樂
偶爾會有DJ來這邊放歌🎵
整個有很棒的快樂氛圍

❗️跨年派對❗️
步行20秒可以看到101煙火
指定調酒&啤酒&SHOT無限暢飲
20:00-01:00暢飲5小時ɴᴛ1200
01:00-05:00暢飲4小時ɴᴛ1000
座位數量有限 建議提早訂位
(🉑️私訊IG小盒子)

-
#潔の食 #潔ᴱᴬᵀ台北
#escape餐酒館 #escapetpc
#escape #escape酒吧 #escapebar
#餐酒館 #台北餐酒館 #信義區餐酒館
#酒吧 #台北酒吧 #信義區酒吧
#台北美食 #信義區美食
#食記 #相機先食 #手機先食
──────────────────── | 杯具與環境非常舒服，酸甜感舒服宜人，香氣到口感到口味與整杯酒喝完的時間節奏都很剛好 | 給一星都嫌太高，半夜三四點仍然大聲喧嘩，嚴重影響住戶安寧，走廊一堆煙蒂，造成環境髒亂 | 凌晨三點，十幾人在騎樓大聲吵鬧
你們酒吧都不管一下嗎？樓上都是住户耶😊 … | 每到假日騎樓外站一堆人，然後吵到不行
請問店家不知道附近是很多住宅嗎？
完全沒顧及過居民的感受耶😄
大家都不用睡覺了是不是😉
真的好棒👍🏻完全將沒品德發揮得淋漓盡致👍🏻 | 台北又多一個可以跟朋友聚會的地方~
除了小酌之外還有好吃的餐點，重點是店員都超帥!眼睛也不會餓到~推爆啦!只能說escape全方位照料你的需求，老闆有球必硬^_^想跟他喝酒也可以吶~~ | 酒很有水準，氣氛跟bartender 都是一時之選、大！推！ | 老闆人超nice～～～
調酒好喝 🩵
大推推喲！！！！！！！！ | 調酒好喝 店員人都很nice | 老闆們都超耐斯！！有型又好聊！！還可以慶生😍😍😍😍👍"
Twilight 餐酒館｜大安區酒吧｜信義安和酒吧｜,https://www.google.com/maps/place/Twilight+%E9%A4%90%E9%85%92%E9%A4%A8%EF%BD%9C%E5%A4%A7%E5%AE%89%E5%8D%80%E9%85%92%E5%90%A7%EF%BD%9C%E4%BF%A1%E7%BE%A9%E5%AE%89%E5%92%8C%E9%85%92%E5%90%A7%EF%BD%9C/data=!4m7!3m6!1s0x3442ab7644678811:0x184a2c94c472e80e!8m2!3d25.0329995!4d121.555005!16s%2Fg%2F11vkl47ps9!19sChIJEYhnRHarQjQRDuhyxJQsShg?authuser=0&hl=zh-TW&rclk=1,"餐廳位置不多，主要為高腳椅區及一般桌型，這次預約二位，分配高腳椅區，位置不太舒適，所以待沒多久用餐完畢就離開了。餐點若是參考份量，覺得稍微價高，但上菜速度滿快，這點倒是滿好的。 | 剛好遇到萬聖節🎃店裡都有裝扮
這間食物不錯 我覺得份量也夠
酒的部份蠻推煙花🎆有我愛的rum+紫蘇+梅酒🥂
只可惜只有限時兩個小時🥹🥹🥹還有高腳椅蠻不好坐的…..
不過還是可以回訪👍🏻👍🏻👍🏻 | 🔍IG：jiabaobao_foodie

捷運紅線信義安和站4號出口出來直走2分鐘

微昏暗的燈光很有情調 整體氛圍很舒服
下班與朋友小聚、小酌或是約會都好適合 ⸜♡⸝‍

等待餐點的時候竟然還有開胃飲品可以享用
當天提供的是抹茶優格～很好喝🍵✨

૭ 鱈魚塔塔迷你割包 $𝟯𝟮𝟬
૭ 鱸魚佐蒜辣檸檬油醋 $𝟯𝟴𝟬
૭ 羅勒蒜香蘑菇雞 $𝟯𝟴𝟬
૭ 自製蒜辣XO醬干貝蟹肉義大利麵 $𝟰𝟮𝟬
૭ 羅勒鮮蝦奶油燉飯 $𝟰𝟲𝟬

不論是前菜或是主食都無雷 我私心最推薦干貝義大利麵🍝
辣度很夠勁又夠味 麵體偏硬咬起來很有口感
大顆干貝熟度恰到好處 配上蟹肉和些許蔬菜 又涮嘴又好吃

鱈魚塔塔割包的塔塔醬也很香🥺
不知道大家有沒有吃過摩斯的鱈魚堡
那個香氣真的一模一樣阿我真的超愛的
鱸魚的外皮煎至酥香脆 魚肉軟嫩
搭配蒜辣洋蔥再擠上檸檬很清爽🍋

喜歡燉飯帶有米心感的 Twilight家的燉飯你會很喜歡🫶🏻
這次吃的青醬口味 調味上偏淡雅一些 五隻剝好的蝦子很加分蘑菇雞的調味超下飯
去骨雞腿肉整個吸飽飽醬汁非常入味 .ᐟ.ᐟ

૭ 煙花 $𝟰𝟬𝟬
紫蘇｜梅酒｜蘭姆酒
૭ 歲月靜好 $𝟯𝟴𝟬
伯爵茶｜桃子｜葡萄柚
૭ 春日圓舞曲 $𝟯𝟲𝟬
烏龍茶｜柚子｜紅心芭樂

想要來杯浮誇的調酒就點一杯煙花吧💥
紫蘇的香氣非常鮮明、濃烈
春日圓舞曲是紅心芭樂搭配烏龍茶 果香與茶香的融合
芭樂香氣很足 不會有奇怪的香精味🥺
歲月靜好以伯爵茶入酒 喝起來有水果茶的感覺
喜歡茶酒的可以試試看這杯
三杯調酒酒感都中偏輕 喝起來順口～

🔺平日低消 $𝟲𝟬𝟬/人
🔺假日低消 $𝟴𝟬𝟬/人 (12歲以下孩童不需低消） | 本想衝著調酒喝到飽的方案奔去，可惜9月底活動已經結束，只試喝了5杯調酒，每個酒名酒語都洽如其份，例如酒名煙花，燦爛一剎那，可惜無法嚐遍每一杯…… | 這家餐酒館是約會的絕佳選擇👍環境優雅浪漫，燈光柔和，音樂輕柔，營造出溫馨愉悅的氛圍。菜品美味精緻，搭配的紅酒也非常出色，讓每一口都充滿了驚喜與滿足。服務人員親切且專業，讓整個用餐過程更加愉快。這裡的每一個細節都展現出對顧客的關懷和用心，非常適合情侶來這裡享受美好的晚餐和彼此的陪伴。強烈推薦給想要度過一個難忘約會夜晚的朋友們❤️❤️❤️ | 調酒偏甜，要$990喝到飽菜單需要另外跟店員要；餐點中等以上，上菜非常快，兩個小時需離開。老闆很客氣請了壽星喝shot。 | 整個空間以大面積的白色為主，燈光溫暖如日出的光線，營造出舒適的用餐氛圍。店內有座位區、吧台和高腳區，高腳區的桌面較小，稍顯擁擠，因此建議先點一些餐點，等食用完再加點，店內位置有限，建議提前訂位。整體環境給人高品質感，餐點的部分也相當的精緻及美味，非常適合朋友聚會慶生～ | 店內氣氛很好，是個適合下班跟好友聊天的地方！店內人員都很親切，如果有事先訂位，桌上會有一張小卡，很可愛～
調酒的部分雖然很漂亮，不過味道普普，餐點的部分推薦烘蛋。 | 第一次來餐酒館比較難比較，低消800，餐點還不錯，松阪豬燉飯米芯煮的比較硬，酒的話我點BREEZE，帶有仙楂的香氣，朋友的整杯草莓粉很好拍，這次喝到的每杯酒 酒感都偏重，或是單純我太少喝哈哈。店內氛圍感很高級 剛進來會有迎賓果醋 離場前還有 shot杯 算是蠻特別的體驗 | 氛圍營造的超棒！
是個很讓人放鬆的地方，
適合好友談心、慶生、小酌
是個色、香、味俱全的地方❤️
超推薦奧羅拉這杯酒
好看又好喝！
隨著特製冰塊的融化
每一個時間都可以感受到不一樣的感覺！
附上的小卡帶有香味，
聞了可以讓心情放鬆一整晚🥰
食物也好吃！看起來份量不多，
但是我們兩個超級飽🤣"
安慰劑 Placebo Taipei,https://www.google.com/maps/place/%E5%AE%89%E6%85%B0%E5%8A%91+Placebo+Taipei/data=!4m7!3m6!1s0x3442abcaf14d1a35:0xca59c4fe8574e876!8m2!3d25.0300709!4d121.5579706!16s%2Fg%2F11crydqv8w!19sChIJNRpN8cqrQjQRduh0hf7EWco?authuser=0&hl=zh-TW&rclk=1,
MQ - Marquee Taipei,https://www.google.com/maps/place/MQ+-+Marquee+Taipei/data=!4m7!3m6!1s0x3442abb688a5e54d:0xf0f83d6abd6367f0!8m2!3d25.0325115!4d121.5631925!16s%2Fg%2F1vm784gw!19sChIJTeWliLarQjQR8GdjvWo9-PA?authuser=0&hl=zh-TW&rclk=1,
attic trade company,https://www.google.com/maps/place/attic+trade+company/data=!4m7!3m6!1s0x3442ab4cf4ffbfff:0x794a71dabaee4abe!8m2!3d25.032209!4d121.5589464!16s%2Fg%2F11f4z57r9l!19sChIJ_7__9EyrQjQRvkruutpxSnk?authuser=0&hl=zh-TW&rclk=1,
XD－Bar,https://www.google.com/maps/place/XD%EF%BC%8DBar/data=!4m7!3m6!1s0x3442abd0f3924f69:0x6ba4451d9b787688!8m2!3d25.0406227!4d121.5654586!16s%2Fg%2F11srgxxylq!19sChIJaU-S89CrQjQRiHZ4mx1FpGs?authuser=0&hl=zh-TW&rclk=1,
attic trade company·開啟過的連結,https://www.google.com/maps/place/attic+trade+company/data=!4m7!3m6!1s0x3442ab4cf4ffbfff:0x794a71dabaee4abe!8m2!3d25.032209!4d121.5589464!16s%2Fg%2F11f4z57r9l!19sChIJ_7__9EyrQjQRvkruutpxSnk?authuser=0&hl=zh-TW&rclk=1,
榕 RON Xinyi,https://www.google.com/maps/place/%E6%A6%95+RON+Xinyi/data=!4m7!3m6!1s0x3442abca10c6d60d:0x7d87ed75a31f0ad3!8m2!3d25.03222!4d121.5589026!16s%2Fg%2F11f10dzn2f!19sChIJDdbGEMqrQjQR0wofo3Xth30?authuser=0&hl=zh-TW&rclk=1,
榕 RON Xinyi·開啟過的連結,https://www.google.com/maps/place/%E6%A6%95+RON+Xinyi/data=!4m7!3m6!1s0x3442abca10c6d60d:0x7d87ed75a31f0ad3!8m2!3d25.03222!4d121.5589026!16s%2Fg%2F11f10dzn2f!19sChIJDdbGEMqrQjQR0wofo3Xth30?authuser=0&hl=zh-TW&rclk=1,
來吧台北日式餐酒館-酒吧調酒暢飲 taipeibar 約會餐廳 必訪信義區酒吧 PTT Dcard 台北酒吧 台北餐酒館 taipeifood 國父紀念館酒吧 國父紀念館餐酒館 大安酒吧 信義區餐酒館 信義區暢飲,https://www.google.com/maps/place/%E4%BE%86%E5%90%A7%E5%8F%B0%E5%8C%97%E6%97%A5%E5%BC%8F%E9%A4%90%E9%85%92%E9%A4%A8-%E9%85%92%E5%90%A7%E8%AA%BF%E9%85%92%E6%9A%A2%E9%A3%B2+taipeibar+%E7%B4%84%E6%9C%83%E9%A4%90%E5%BB%B3+%E5%BF%85%E8%A8%AA%E4%BF%A1%E7%BE%A9%E5%8D%80%E9%85%92%E5%90%A7+PTT+Dcard+%E5%8F%B0%E5%8C%97%E9%85%92%E5%90%A7+%E5%8F%B0%E5%8C%97%E9%A4%90%E9%85%92%E9%A4%A8+taipeifood+%E5%9C%8B%E7%88%B6%E7%B4%80%E5%BF%B5%E9%A4%A8%E9%85%92%E5%90%A7+%E5%9C%8B%E7%88%B6%E7%B4%80%E5%BF%B5%E9%A4%A8%E9%A4%90%E9%85%92%E9%A4%A8+%E5%A4%A7%E5%AE%89%E9%85%92%E5%90%A7+%E4%BF%A1%E7%BE%A9%E5%8D%80%E9%A4%90%E9%85%92%E9%A4%A8+%E4%BF%A1%E7%BE%A9%E5%8D%80%E6%9A%A2%E9%A3%B2/data=!4m7!3m6!1s0x3442abc8427f83f9:0xccfd27fe730ad56d!8m2!3d25.0371557!4d121.5579345!16s%2Fg%2F11dfjy7p66!19sChIJ-YN_QsirQjQRbdUKc_4n_cw?authuser=0&hl=zh-TW&rclk=1,
Escape Bar｜台北酒吧｜信義區酒吧｜台北餐酒館｜信義區餐酒館｜台北信義區B,https://www.google.com/maps/place/Escape+Bar%EF%BD%9C%E5%8F%B0%E5%8C%97%E9%85%92%E5%90%A7%EF%BD%9C%E4%BF%A1%E7%BE%A9%E5%8D%80%E9%85%92%E5%90%A7%EF%BD%9C%E5%8F%B0%E5%8C%97%E9%A4%90%E9%85%92%E9%A4%A8%EF%BD%9C%E4%BF%A1%E7%BE%A9%E5%8D%80%E9%A4%90%E9%85%92%E9%A4%A8%EF%BD%9C%E5%8F%B0%E5%8C%97%E4%BF%A1%E7%BE%A9%E5%8D%80B/data=!4m7!3m6!1s0x3442ab6a15374dd7:0x6cd342cae6635ce3!8m2!3d25.0320572!4d121.5580747!16s%2Fg%2F11kpldjvyp!19sChIJ1003FWqrQjQR41xj5spC02w?authuser=0&hl=zh-TW&rclk=1,"┇IG：ypj__0316┇
-
#蒜油鮮蝦義大利麵 ᴺᵀ³²⁰
#網紅蛋包飯 ᴺᵀ³⁶⁰
#台式拼盤 ᴺᵀ⁴⁸⁰
#生蠔 ᴺᵀ¹⁵⁰
#WAT ᴺᵀ²⁵⁰
#SAM ᴺᵀ³⁵⁰
#JENNIFER ᴺᵀ³⁵⁰

私心推薦我的愛店🍺
位於信義區新開的酒吧 離101距離很近
絕對是聖誕節、跨年與好友相聚
情人約會的好地方🥰
還記得那天點了兩份主餐一份拼盤！🍚
份量多用料很實在🤤

網美蛋包飯 師傅製作好後
會上桌在客人面前撒上香料 淋上醬汁後切開
整個蛋包飯的香味直接擴散開來！🍳
蒜油鮮蝦義大利麵 蝦子超大隻🦐
不是一般外面的那種小蝦仁
義大利麵的醬汁也是完美融合在整份餐點中
讓人大快朵頤🍝
特別的是這邊不只有常見的炸物拼盤
竟然還有香腸與鹹豬肉合體的台式拼盤
讓喜歡吃台式料理的我
多了一道很棒的下酒菜
肉質軟嫩、海鮮新鮮 超下飯🦞

不馬虎的料理 搭配不馬虎的酒水
除非一般常見的酒類以外
這邊非常推薦一隻WAT精釀啤酒
有檸檬茶跟蘋果紅茶的口味
喝起來沒什麼酒味 真的像飲料很好喝
酒單也特別 以老闆、朋友命名的調酒
每杯都有不同的風味
這次喝了SAM跟JENNIFER
下次一定要慢慢把所有特調都喝過一輪🥃

非常推薦大家可以跟三五好友來ESCAPE
第一次來就在這待蠻久的🍻
現代風環境 位置舒服寬敞🫶🏻
老闆們還會下來一起聊天玩樂
偶爾會有DJ來這邊放歌🎵
整個有很棒的快樂氛圍

❗️跨年派對❗️
步行20秒可以看到101煙火
指定調酒&啤酒&SHOT無限暢飲
20:00-01:00暢飲5小時ɴᴛ1200
01:00-05:00暢飲4小時ɴᴛ1000
座位數量有限 建議提早訂位
(🉑️私訊IG小盒子)

-
#潔の食 #潔ᴱᴬᵀ台北
#escape餐酒館 #escapetpc
#escape #escape酒吧 #escapebar
#餐酒館 #台北餐酒館 #信義區餐酒館
#酒吧 #台北酒吧 #信義區酒吧
#台北美食 #信義區美食
#食記 #相機先食 #手機先食
──────────────────── | 杯具與環境非常舒服，酸甜感舒服宜人，香氣到口感到口味與整杯酒喝完的時間節奏都很剛好 | 給一星都嫌太高，半夜三四點仍然大聲喧嘩，嚴重影響住戶安寧，走廊一堆煙蒂，造成環境髒亂 | 凌晨三點，十幾人在騎樓大聲吵鬧
你們酒吧都不管一下嗎？樓上都是住户耶😊 … | 每到假日騎樓外站一堆人，然後吵到不行
請問店家不知道附近是很多住宅嗎？
完全沒顧及過居民的感受耶😄
大家都不用睡覺了是不是😉
真的好棒👍🏻完全將沒品德發揮得淋漓盡致👍🏻 | 台北又多一個可以跟朋友聚會的地方~
除了小酌之外還有好吃的餐點，重點是店員都超帥!眼睛也不會餓到~推爆啦!只能說escape全方位照料你的需求，老闆有球必硬^_^想跟他喝酒也可以吶~~ | 酒很有水準，氣氛跟bartender 都是一時之選、大！推！ | 老闆人超nice～～～
調酒好喝 🩵
大推推喲！！！！！！！！ | 調酒好喝 店員人都很nice | 老闆們都超耐斯！！有型又好聊！！還可以慶生😍😍😍😍👍"
Twilight 餐酒館｜大安區酒吧｜信義安和酒吧｜,https://www.google.com/maps/place/Twilight+%E9%A4%90%E9%85%92%E9%A4%A8%EF%BD%9C%E5%A4%A7%E5%AE%89%E5%8D%80%E9%85%92%E5%90%A7%EF%BD%9C%E4%BF%A1%E7%BE%A9%E5%AE%89%E5%92%8C%E9%85%92%E5%90%A7%EF%BD%9C/data=!4m7!3m6!1s0x3442ab7644678811:0x184a2c94c472e80e!8m2!3d25.0329995!4d121.555005!16s%2Fg%2F11vkl47ps9!19sChIJEYhnRHarQjQRDuhyxJQsShg?authuser=0&hl=zh-TW&rclk=1,"餐廳位置不多，主要為高腳椅區及一般桌型，這次預約二位，分配高腳椅區，位置不太舒適，所以待沒多久用餐完畢就離開了。餐點若是參考份量，覺得稍微價高，但上菜速度滿快，這點倒是滿好的。 | 剛好遇到萬聖節🎃店裡都有裝扮
這間食物不錯 我覺得份量也夠
酒的部份蠻推煙花🎆有我愛的rum+紫蘇+梅酒🥂
只可惜只有限時兩個小時🥹🥹🥹還有高腳椅蠻不好坐的…..
不過還是可以回訪👍🏻👍🏻👍🏻 | 🔍IG：jiabaobao_foodie

捷運紅線信義安和站4號出口出來直走2分鐘

微昏暗的燈光很有情調 整體氛圍很舒服
下班與朋友小聚、小酌或是約會都好適合 ⸜♡⸝‍

等待餐點的時候竟然還有開胃飲品可以享用
當天提供的是抹茶優格～很好喝🍵✨

૭ 鱈魚塔塔迷你割包 $𝟯𝟮𝟬
૭ 鱸魚佐蒜辣檸檬油醋 $𝟯𝟴𝟬
૭ 羅勒蒜香蘑菇雞 $𝟯𝟴𝟬
૭ 自製蒜辣XO醬干貝蟹肉義大利麵 $𝟰𝟮𝟬
૭ 羅勒鮮蝦奶油燉飯 $𝟰𝟲𝟬

不論是前菜或是主食都無雷 我私心最推薦干貝義大利麵🍝
辣度很夠勁又夠味 麵體偏硬咬起來很有口感
大顆干貝熟度恰到好處 配上蟹肉和些許蔬菜 又涮嘴又好吃

鱈魚塔塔割包的塔塔醬也很香🥺
不知道大家有沒有吃過摩斯的鱈魚堡
那個香氣真的一模一樣阿我真的超愛的
鱸魚的外皮煎至酥香脆 魚肉軟嫩
搭配蒜辣洋蔥再擠上檸檬很清爽🍋

喜歡燉飯帶有米心感的 Twilight家的燉飯你會很喜歡🫶🏻
這次吃的青醬口味 調味上偏淡雅一些 五隻剝好的蝦子很加分蘑菇雞的調味超下飯
去骨雞腿肉整個吸飽飽醬汁非常入味 .ᐟ.ᐟ

૭ 煙花 $𝟰𝟬𝟬
紫蘇｜梅酒｜蘭姆酒
૭ 歲月靜好 $𝟯𝟴𝟬
伯爵茶｜桃子｜葡萄柚
૭ 春日圓舞曲 $𝟯𝟲𝟬
烏龍茶｜柚子｜紅心芭樂

想要來杯浮誇的調酒就點一杯煙花吧💥
紫蘇的香氣非常鮮明、濃烈
春日圓舞曲是紅心芭樂搭配烏龍茶 果香與茶香的融合
芭樂香氣很足 不會有奇怪的香精味🥺
歲月靜好以伯爵茶入酒 喝起來有水果茶的感覺
喜歡茶酒的可以試試看這杯
三杯調酒酒感都中偏輕 喝起來順口～

🔺平日低消 $𝟲𝟬𝟬/人
🔺假日低消 $𝟴𝟬𝟬/人 (12歲以下孩童不需低消） | 本想衝著調酒喝到飽的方案奔去，可惜9月底活動已經結束，只試喝了5杯調酒，每個酒名酒語都洽如其份，例如酒名煙花，燦爛一剎那，可惜無法嚐遍每一杯…… | 這家餐酒館是約會的絕佳選擇👍環境優雅浪漫，燈光柔和，音樂輕柔，營造出溫馨愉悅的氛圍。菜品美味精緻，搭配的紅酒也非常出色，讓每一口都充滿了驚喜與滿足。服務人員親切且專業，讓整個用餐過程更加愉快。這裡的每一個細節都展現出對顧客的關懷和用心，非常適合情侶來這裡享受美好的晚餐和彼此的陪伴。強烈推薦給想要度過一個難忘約會夜晚的朋友們❤️❤️❤️ | 調酒偏甜，要$990喝到飽菜單需要另外跟店員要；餐點中等以上，上菜非常快，兩個小時需離開。老闆很客氣請了壽星喝shot。 | 整個空間以大面積的白色為主，燈光溫暖如日出的光線，營造出舒適的用餐氛圍。店內有座位區、吧台和高腳區，高腳區的桌面較小，稍顯擁擠，因此建議先點一些餐點，等食用完再加點，店內位置有限，建議提前訂位。整體環境給人高品質感，餐點的部分也相當的精緻及美味，非常適合朋友聚會慶生～ | 店內氣氛很好，是個適合下班跟好友聊天的地方！店內人員都很親切，如果有事先訂位，桌上會有一張小卡，很可愛～
調酒的部分雖然很漂亮，不過味道普普，餐點的部分推薦烘蛋。 | 第一次來餐酒館比較難比較，低消800，餐點還不錯，松阪豬燉飯米芯煮的比較硬，酒的話我點BREEZE，帶有仙楂的香氣，朋友的整杯草莓粉很好拍，這次喝到的每杯酒 酒感都偏重，或是單純我太少喝哈哈。店內氛圍感很高級 剛進來會有迎賓果醋 離場前還有 shot杯 算是蠻特別的體驗 | 氛圍營造的超棒！
是個很讓人放鬆的地方，
適合好友談心、慶生、小酌
是個色、香、味俱全的地方❤️
超推薦奧羅拉這杯酒
好看又好喝！
隨著特製冰塊的融化
每一個時間都可以感受到不一樣的感覺！
附上的小卡帶有香味，
聞了可以讓心情放鬆一整晚🥰
食物也好吃！看起來份量不多，
但是我們兩個超級飽🤣"
安慰劑 Placebo Taipei,https://www.google.com/maps/place/%E5%AE%89%E6%85%B0%E5%8A%91+Placebo+Taipei/data=!4m7!3m6!1s0x3442abcaf14d1a35:0xca59c4fe8574e876!8m2!3d25.0300709!4d121.5579706!16s%2Fg%2F11crydqv8w!19sChIJNRpN8cqrQjQRduh0hf7EWco?authuser=0&hl=zh-TW&rclk=1,
MQ - Marquee Taipei,https://www.google.com/maps/place/MQ+-+Marquee+Taipei/data=!4m7!3m6!1s0x3442abb688a5e54d:0xf0f83d6abd6367f0!8m2!3d25.0325115!4d121.5631925!16s%2Fg%2F1vm784gw!19sChIJTeWliLarQjQR8GdjvWo9-PA?authuser=0&hl=zh-TW&rclk=1,
attic trade company,https://www.google.com/maps/place/attic+trade+company/data=!4m7!3m6!1s0x3442ab4cf4ffbfff:0x794a71dabaee4abe!8m2!3d25.032209!4d121.5589464!16s%2Fg%2F11f4z57r9l!19sChIJ_7__9EyrQjQRvkruutpxSnk?authuser=0&hl=zh-TW&rclk=1,
XD－Bar,https://www.google.com/maps/place/XD%EF%BC%8DBar/data=!4m7!3m6!1s0x3442abd0f3924f69:0x6ba4451d9b787688!8m2!3d25.0406227!4d121.5654586!16s%2Fg%2F11srgxxylq!19sChIJaU-S89CrQjQRiHZ4mx1FpGs?authuser=0&hl=zh-TW&rclk=1,
attic trade company·開啟過的連結,https://www.google.com/maps/place/attic+trade+company/data=!4m7!3m6!1s0x3442ab4cf4ffbfff:0x794a71dabaee4abe!8m2!3d25.032209!4d121.5589464!16s%2Fg%2F11f4z57r9l!19sChIJ_7__9EyrQjQRvkruutpxSnk?authuser=0&hl=zh-TW&rclk=1,
Charlie's Sports Bar Taipei,https://www.google.com/maps/place/Charlie%27s+Sports+Bar+Taipei/data=!4m7!3m6!1s0x3442ab1306dcc51d:0xa9403487161b4340!8m2!3d25.0262258!4d121.5548872!16s%2Fg%2F11ghq92r0c!19sChIJHcXcBhOrQjQRQEMbFoc0QKk?authuser=0&hl=zh-TW&rclk=1,"很適合看運動賽事的酒吧，餐點也滿多
建議提早訂位
轉播比賽都有聲音，店裡不會開音樂，這點很棒 | 氣氛超好 非常適合聚在一起看球賽的地方，酒單品項也都蠻好喝的，店內有charge spot借電站也不用擔心手機沒電的問題
大推！！ | 原本看人不多所以有點害怕，但應該是因為近期沒什麼運動賽事的緣故
覺得這家算是寶藏酒吧，調酒很好喝！隨意點的幾杯屬於清爽系調酒但又不會酒感不足，人少的好處就是有種包場的爽感😍 … | 食物好吃！環境也很讚！！ | 食物划算實惠，最常點炸物拼盤組合，調酒可以客製化調整👍🏼👍🏼
這次比賽是店內自辦的首屆電競比賽 | 調酒也很好喝的運動酒吧!聽說有比賽的時候會非常爆滿，但我們剛好是在一個沒有比賽的周五晚上去店裡非常空曠安靜。點的調酒其實都意外的很有層次跟水準，比起一般的運動酒吧的酒好太多了!!!會是個續攤跟隨時想walk 調酒也很好喝的運動酒吧!聽說有比賽的時候會非常爆滿，但我們剛好是在一個沒有比賽的周五晚上去店裡非常空曠安靜。點的調酒其實都意外的很有層次跟水準，比起一般的運動酒吧的酒好太多了!!!會是個續攤跟隨時想walk in的好選擇!! 一定會再訪!! | 這家酒吧的大部分客人好像都是為了去看球賽轉播，如果是想感受球賽氣氛可以來，但如果是想要喝好喝的酒，就相對沒有那麼推薦，因為我們點了四杯酒，喝起來都普普通通，炸物還比較好吃。 | 昨天是為了看溫網四強而去的，第一次來，本來也想試試吃的，但因為感冒了實在沒什麼胃口，所以就點了一瓶不冰的啤酒。老闆人很好，知道我不舒服，就請服務人員裝一杯溫水給我，後來服務人員也一直幫我裝溫水，讓我減緩喉嚨痛的不適感，非常感謝他們。

老闆本身也是球迷，很會帶動氣氛，看球的氣氛很好，環境也很棒，有半獨立包廂也有吧台和桌子的位置，螢幕很多不怕座位角度偏看不到球賽，播放各式球賽，除了啤酒還有調酒，啤酒的價格很平價，是適合看球賽的好地方！ | 歐洲杯冠軍賽之夜！現場大螢幕看球賽真的過癮，氣氛非常的棒！餐點價格稍微貴了些，炸牡蠣很好吃 | 新的調酒菜單很好喝！沒想到在運動酒吧也可以喝到如此有水準的調酒～食物也好吃，氣氛又好，很適合下班之後跟朋友小酌一杯、輕鬆聊天的地方～很推～"
榕 RON Xinyi,https://www.google.com/maps/place/%E6%A6%95+RON+Xinyi/data=!4m7!3m6!1s0x3442abca10c6d60d:0x7d87ed75a31f0ad3!8m2!3d25.03222!4d121.5589026!16s%2Fg%2F11f10dzn2f!19sChIJDdbGEMqrQjQR0wofo3Xth30?authuser=0&hl=zh-TW&rclk=1,
榕 RON Xinyi·開啟過的連結,https://www.google.com/maps/place/%E6%A6%95+RON+Xinyi/data=!4m7!3m6!1s0x3442abca10c6d60d:0x7d87ed75a31f0ad3!8m2!3d25.03222!4d121.5589026!16s%2Fg%2F11f10dzn2f!19sChIJDdbGEMqrQjQR0wofo3Xth30?authuser=0&hl=zh-TW&rclk=1,
來吧台北日式餐酒館-酒吧調酒暢飲 taipeibar 約會餐廳 必訪信義區酒吧 PTT Dcard 台北酒吧 台北餐酒館 taipeifood 國父紀念館酒吧 國父紀念館餐酒館 大安酒吧 信義區餐酒館 信義區暢飲,https://www.google.com/maps/place/%E4%BE%86%E5%90%A7%E5%8F%B0%E5%8C%97%E6%97%A5%E5%BC%8F%E9%A4%90%E9%85%92%E9%A4%A8-%E9%85%92%E5%90%A7%E8%AA%BF%E9%85%92%E6%9A%A2%E9%A3%B2+taipeibar+%E7%B4%84%E6%9C%83%E9%A4%90%E5%BB%B3+%E5%BF%85%E8%A8%AA%E4%BF%A1%E7%BE%A9%E5%8D%80%E9%85%92%E5%90%A7+PTT+Dcard+%E5%8F%B0%E5%8C%97%E9%85%92%E5%90%A7+%E5%8F%B0%E5%8C%97%E9%A4%90%E9%85%92%E9%A4%A8+taipeifood+%E5%9C%8B%E7%88%B6%E7%B4%80%E5%BF%B5%E9%A4%A8%E9%85%92%E5%90%A7+%E5%9C%8B%E7%88%B6%E7%B4%80%E5%BF%B5%E9%A4%A8%E9%A4%90%E9%85%92%E9%A4%A8+%E5%A4%A7%E5%AE%89%E9%85%92%E5%90%A7+%E4%BF%A1%E7%BE%A9%E5%8D%80%E9%A4%90%E9%85%92%E9%A4%A8+%E4%BF%A1%E7%BE%A9%E5%8D%80%E6%9A%A2%E9%A3%B2/data=!4m7!3m6!1s0x3442abc8427f83f9:0xccfd27fe730ad56d!8m2!3d25.0371557!4d121.5579345!16s%2Fg%2F11dfjy7p66!19sChIJ-YN_QsirQjQRbdUKc_4n_cw?authuser=0&hl=zh-TW&rclk=1,
Escape Bar｜台北酒吧｜信義區酒吧｜台北餐酒館｜信義區餐酒館｜台北信義區B,https://www.google.com/maps/place/Escape+Bar%EF%BD%9C%E5%8F%B0%E5%8C%97%E9%85%92%E5%90%A7%EF%BD%9C%E4%BF%A1%E7%BE%A9%E5%8D%80%E9%85%92%E5%90%A7%EF%BD%9C%E5%8F%B0%E5%8C%97%E9%A4%90%E9%85%92%E9%A4%A8%EF%BD%9C%E4%BF%A1%E7%BE%A9%E5%8D%80%E9%A4%90%E9%85%92%E9%A4%A8%EF%BD%9C%E5%8F%B0%E5%8C%97%E4%BF%A1%E7%BE%A9%E5%8D%80B/data=!4m7!3m6!1s0x3442ab6a15374dd7:0x6cd342cae6635ce3!8m2!3d25.0320572!4d121.5580747!16s%2Fg%2F11kpldjvyp!19sChIJ1003FWqrQjQR41xj5spC02w?authuser=0&hl=zh-TW&rclk=1,"┇IG：ypj__0316┇
-
#蒜油鮮蝦義大利麵 ᴺᵀ³²⁰
#網紅蛋包飯 ᴺᵀ³⁶⁰
#台式拼盤 ᴺᵀ⁴⁸⁰
#生蠔 ᴺᵀ¹⁵⁰
#WAT ᴺᵀ²⁵⁰
#SAM ᴺᵀ³⁵⁰
#JENNIFER ᴺᵀ³⁵⁰

私心推薦我的愛店🍺
位於信義區新開的酒吧 離101距離很近
絕對是聖誕節、跨年與好友相聚
情人約會的好地方🥰
還記得那天點了兩份主餐一份拼盤！🍚
份量多用料很實在🤤

網美蛋包飯 師傅製作好後
會上桌在客人面前撒上香料 淋上醬汁後切開
整個蛋包飯的香味直接擴散開來！🍳
蒜油鮮蝦義大利麵 蝦子超大隻🦐
不是一般外面的那種小蝦仁
義大利麵的醬汁也是完美融合在整份餐點中
讓人大快朵頤🍝
特別的是這邊不只有常見的炸物拼盤
竟然還有香腸與鹹豬肉合體的台式拼盤
讓喜歡吃台式料理的我
多了一道很棒的下酒菜
肉質軟嫩、海鮮新鮮 超下飯🦞

不馬虎的料理 搭配不馬虎的酒水
除非一般常見的酒類以外
這邊非常推薦一隻WAT精釀啤酒
有檸檬茶跟蘋果紅茶的口味
喝起來沒什麼酒味 真的像飲料很好喝
酒單也特別 以老闆、朋友命名的調酒
每杯都有不同的風味
這次喝了SAM跟JENNIFER
下次一定要慢慢把所有特調都喝過一輪🥃

非常推薦大家可以跟三五好友來ESCAPE
第一次來就在這待蠻久的🍻
現代風環境 位置舒服寬敞🫶🏻
老闆們還會下來一起聊天玩樂
偶爾會有DJ來這邊放歌🎵
整個有很棒的快樂氛圍

❗️跨年派對❗️
步行20秒可以看到101煙火
指定調酒&啤酒&SHOT無限暢飲
20:00-01:00暢飲5小時ɴᴛ1200
01:00-05:00暢飲4小時ɴᴛ1000
座位數量有限 建議提早訂位
(🉑️私訊IG小盒子)

-
#潔の食 #潔ᴱᴬᵀ台北
#escape餐酒館 #escapetpc
#escape #escape酒吧 #escapebar
#餐酒館 #台北餐酒館 #信義區餐酒館
#酒吧 #台北酒吧 #信義區酒吧
#台北美食 #信義區美食
#食記 #相機先食 #手機先食
──────────────────── | 杯具與環境非常舒服，酸甜感舒服宜人，香氣到口感到口味與整杯酒喝完的時間節奏都很剛好 | 給一星都嫌太高，半夜三四點仍然大聲喧嘩，嚴重影響住戶安寧，走廊一堆煙蒂，造成環境髒亂 | 凌晨三點，十幾人在騎樓大聲吵鬧
你們酒吧都不管一下嗎？樓上都是住户耶😊 … | 每到假日騎樓外站一堆人，然後吵到不行
請問店家不知道附近是很多住宅嗎？
完全沒顧及過居民的感受耶😄
大家都不用睡覺了是不是😉
真的好棒👍🏻完全將沒品德發揮得淋漓盡致👍🏻 | 台北又多一個可以跟朋友聚會的地方~
除了小酌之外還有好吃的餐點，重點是店員都超帥!眼睛也不會餓到~推爆啦!只能說escape全方位照料你的需求，老闆有球必硬^_^想跟他喝酒也可以吶~~ | 酒很有水準，氣氛跟bartender 都是一時之選、大！推！ | 老闆人超nice～～～
調酒好喝 🩵
大推推喲！！！！！！！！ | 調酒好喝 店員人都很nice | 老闆們都超耐斯！！有型又好聊！！還可以慶生😍😍😍😍👍"
Twilight 餐酒館｜大安區酒吧｜信義安和酒吧｜,https://www.google.com/maps/place/Twilight+%E9%A4%90%E9%85%92%E9%A4%A8%EF%BD%9C%E5%A4%A7%E5%AE%89%E5%8D%80%E9%85%92%E5%90%A7%EF%BD%9C%E4%BF%A1%E7%BE%A9%E5%AE%89%E5%92%8C%E9%85%92%E5%90%A7%EF%BD%9C/data=!4m7!3m6!1s0x3442ab7644678811:0x184a2c94c472e80e!8m2!3d25.0329995!4d121.555005!16s%2Fg%2F11vkl47ps9!19sChIJEYhnRHarQjQRDuhyxJQsShg?authuser=0&hl=zh-TW&rclk=1,"餐廳位置不多，主要為高腳椅區及一般桌型，這次預約二位，分配高腳椅區，位置不太舒適，所以待沒多久用餐完畢就離開了。餐點若是參考份量，覺得稍微價高，但上菜速度滿快，這點倒是滿好的。 | 剛好遇到萬聖節🎃店裡都有裝扮
這間食物不錯 我覺得份量也夠
酒的部份蠻推煙花🎆有我愛的rum+紫蘇+梅酒🥂
只可惜只有限時兩個小時🥹🥹🥹還有高腳椅蠻不好坐的…..
不過還是可以回訪👍🏻👍🏻👍🏻 | 🔍IG：jiabaobao_foodie

捷運紅線信義安和站4號出口出來直走2分鐘

微昏暗的燈光很有情調 整體氛圍很舒服
下班與朋友小聚、小酌或是約會都好適合 ⸜♡⸝‍

等待餐點的時候竟然還有開胃飲品可以享用
當天提供的是抹茶優格～很好喝🍵✨

૭ 鱈魚塔塔迷你割包 $𝟯𝟮𝟬
૭ 鱸魚佐蒜辣檸檬油醋 $𝟯𝟴𝟬
૭ 羅勒蒜香蘑菇雞 $𝟯𝟴𝟬
૭ 自製蒜辣XO醬干貝蟹肉義大利麵 $𝟰𝟮𝟬
૭ 羅勒鮮蝦奶油燉飯 $𝟰𝟲𝟬

不論是前菜或是主食都無雷 我私心最推薦干貝義大利麵🍝
辣度很夠勁又夠味 麵體偏硬咬起來很有口感
大顆干貝熟度恰到好處 配上蟹肉和些許蔬菜 又涮嘴又好吃

鱈魚塔塔割包的塔塔醬也很香🥺
不知道大家有沒有吃過摩斯的鱈魚堡
那個香氣真的一模一樣阿我真的超愛的
鱸魚的外皮煎至酥香脆 魚肉軟嫩
搭配蒜辣洋蔥再擠上檸檬很清爽🍋

喜歡燉飯帶有米心感的 Twilight家的燉飯你會很喜歡🫶🏻
這次吃的青醬口味 調味上偏淡雅一些 五隻剝好的蝦子很加分蘑菇雞的調味超下飯
去骨雞腿肉整個吸飽飽醬汁非常入味 .ᐟ.ᐟ

૭ 煙花 $𝟰𝟬𝟬
紫蘇｜梅酒｜蘭姆酒
૭ 歲月靜好 $𝟯𝟴𝟬
伯爵茶｜桃子｜葡萄柚
૭ 春日圓舞曲 $𝟯𝟲𝟬
烏龍茶｜柚子｜紅心芭樂

想要來杯浮誇的調酒就點一杯煙花吧💥
紫蘇的香氣非常鮮明、濃烈
春日圓舞曲是紅心芭樂搭配烏龍茶 果香與茶香的融合
芭樂香氣很足 不會有奇怪的香精味🥺
歲月靜好以伯爵茶入酒 喝起來有水果茶的感覺
喜歡茶酒的可以試試看這杯
三杯調酒酒感都中偏輕 喝起來順口～

🔺平日低消 $𝟲𝟬𝟬/人
🔺假日低消 $𝟴𝟬𝟬/人 (12歲以下孩童不需低消） | 本想衝著調酒喝到飽的方案奔去，可惜9月底活動已經結束，只試喝了5杯調酒，每個酒名酒語都洽如其份，例如酒名煙花，燦爛一剎那，可惜無法嚐遍每一杯…… | 這家餐酒館是約會的絕佳選擇👍環境優雅浪漫，燈光柔和，音樂輕柔，營造出溫馨愉悅的氛圍。菜品美味精緻，搭配的紅酒也非常出色，讓每一口都充滿了驚喜與滿足。服務人員親切且專業，讓整個用餐過程更加愉快。這裡的每一個細節都展現出對顧客的關懷和用心，非常適合情侶來這裡享受美好的晚餐和彼此的陪伴。強烈推薦給想要度過一個難忘約會夜晚的朋友們❤️❤️❤️ | 調酒偏甜，要$990喝到飽菜單需要另外跟店員要；餐點中等以上，上菜非常快，兩個小時需離開。老闆很客氣請了壽星喝shot。 | 整個空間以大面積的白色為主，燈光溫暖如日出的光線，營造出舒適的用餐氛圍。店內有座位區、吧台和高腳區，高腳區的桌面較小，稍顯擁擠，因此建議先點一些餐點，等食用完再加點，店內位置有限，建議提前訂位。整體環境給人高品質感，餐點的部分也相當的精緻及美味，非常適合朋友聚會慶生～ | 店內氣氛很好，是個適合下班跟好友聊天的地方！店內人員都很親切，如果有事先訂位，桌上會有一張小卡，很可愛～
調酒的部分雖然很漂亮，不過味道普普，餐點的部分推薦烘蛋。 | 第一次來餐酒館比較難比較，低消800，餐點還不錯，松阪豬燉飯米芯煮的比較硬，酒的話我點BREEZE，帶有仙楂的香氣，朋友的整杯草莓粉很好拍，這次喝到的每杯酒 酒感都偏重，或是單純我太少喝哈哈。店內氛圍感很高級 剛進來會有迎賓果醋 離場前還有 shot杯 算是蠻特別的體驗 | 氛圍營造的超棒！
是個很讓人放鬆的地方，
適合好友談心、慶生、小酌
是個色、香、味俱全的地方❤️
超推薦奧羅拉這杯酒
好看又好喝！
隨著特製冰塊的融化
每一個時間都可以感受到不一樣的感覺！
附上的小卡帶有香味，
聞了可以讓心情放鬆一整晚🥰
食物也好吃！看起來份量不多，
但是我們兩個超級飽🤣"
安慰劑 Placebo Taipei,https://www.google.com/maps/place/%E5%AE%89%E6%85%B0%E5%8A%91+Placebo+Taipei/data=!4m7!3m6!1s0x3442abcaf14d1a35:0xca59c4fe8574e876!8m2!3d25.0300709!4d121.5579706!16s%2Fg%2F11crydqv8w!19sChIJNRpN8cqrQjQRduh0hf7EWco?authuser=0&hl=zh-TW&rclk=1,
MQ - Marquee Taipei,https://www.google.com/maps/place/MQ+-+Marquee+Taipei/data=!4m7!3m6!1s0x3442abb688a5e54d:0xf0f83d6abd6367f0!8m2!3d25.0325115!4d121.5631925!16s%2Fg%2F1vm784gw!19sChIJTeWliLarQjQR8GdjvWo9-PA?authuser=0&hl=zh-TW&rclk=1,
attic trade company,https://www.google.com/maps/place/attic+trade+company/data=!4m7!3m6!1s0x3442ab4cf4ffbfff:0x794a71dabaee4abe!8m2!3d25.032209!4d121.5589464!16s%2Fg%2F11f4z57r9l!19sChIJ_7__9EyrQjQRvkruutpxSnk?authuser=0&hl=zh-TW&rclk=1,
XD－Bar,https://www.google.com/maps/place/XD%EF%BC%8DBar/data=!4m7!3m6!1s0x3442abd0f3924f69:0x6ba4451d9b787688!8m2!3d25.0406227!4d121.5654586!16s%2Fg%2F11srgxxylq!19sChIJaU-S89CrQjQRiHZ4mx1FpGs?authuser=0&hl=zh-TW&rclk=1,
attic trade company·開啟過的連結,https://www.google.com/maps/place/attic+trade+company/data=!4m7!3m6!1s0x3442ab4cf4ffbfff:0x794a71dabaee4abe!8m2!3d25.032209!4d121.5589464!16s%2Fg%2F11f4z57r9l!19sChIJ_7__9EyrQjQRvkruutpxSnk?authuser=0&hl=zh-TW&rclk=1,
Charlie's Sports Bar Taipei,https://www.google.com/maps/place/Charlie%27s+Sports+Bar+Taipei/data=!4m7!3m6!1s0x3442ab1306dcc51d:0xa9403487161b4340!8m2!3d25.0262258!4d121.5548872!16s%2Fg%2F11ghq92r0c!19sChIJHcXcBhOrQjQRQEMbFoc0QKk?authuser=0&hl=zh-TW&rclk=1,"很適合看運動賽事的酒吧，餐點也滿多
建議提早訂位
轉播比賽都有聲音，店裡不會開音樂，這點很棒 | 氣氛超好 非常適合聚在一起看球賽的地方，酒單品項也都蠻好喝的，店內有charge spot借電站也不用擔心手機沒電的問題
大推！！ | 原本看人不多所以有點害怕，但應該是因為近期沒什麼運動賽事的緣故
覺得這家算是寶藏酒吧，調酒很好喝！隨意點的幾杯屬於清爽系調酒但又不會酒感不足，人少的好處就是有種包場的爽感😍 … | 食物好吃！環境也很讚！！ | 食物划算實惠，最常點炸物拼盤組合，調酒可以客製化調整👍🏼👍🏼
這次比賽是店內自辦的首屆電競比賽 | 調酒也很好喝的運動酒吧!聽說有比賽的時候會非常爆滿，但我們剛好是在一個沒有比賽的周五晚上去店裡非常空曠安靜。點的調酒其實都意外的很有層次跟水準，比起一般的運動酒吧的酒好太多了!!!會是個續攤跟隨時想walk 調酒也很好喝的運動酒吧!聽說有比賽的時候會非常爆滿，但我們剛好是在一個沒有比賽的周五晚上去店裡非常空曠安靜。點的調酒其實都意外的很有層次跟水準，比起一般的運動酒吧的酒好太多了!!!會是個續攤跟隨時想walk in的好選擇!! 一定會再訪!! | 這家酒吧的大部分客人好像都是為了去看球賽轉播，如果是想感受球賽氣氛可以來，但如果是想要喝好喝的酒，就相對沒有那麼推薦，因為我們點了四杯酒，喝起來都普普通通，炸物還比較好吃。 | 昨天是為了看溫網四強而去的，第一次來，本來也想試試吃的，但因為感冒了實在沒什麼胃口，所以就點了一瓶不冰的啤酒。老闆人很好，知道我不舒服，就請服務人員裝一杯溫水給我，後來服務人員也一直幫我裝溫水，讓我減緩喉嚨痛的不適感，非常感謝他們。

老闆本身也是球迷，很會帶動氣氛，看球的氣氛很好，環境也很棒，有半獨立包廂也有吧台和桌子的位置，螢幕很多不怕座位角度偏看不到球賽，播放各式球賽，除了啤酒還有調酒，啤酒的價格很平價，是適合看球賽的好地方！ | 歐洲杯冠軍賽之夜！現場大螢幕看球賽真的過癮，氣氛非常的棒！餐點價格稍微貴了些，炸牡蠣很好吃 | 新的調酒菜單很好喝！沒想到在運動酒吧也可以喝到如此有水準的調酒～食物也好吃，氣氛又好，很適合下班之後跟朋友小酌一杯、輕鬆聊天的地方～很推～"
Sandalwood Taipei,https://www.google.com/maps/place/Sandalwood+Taipei/data=!4m7!3m6!1s0x3442abcd17b2dcb5:0xa74989c4e5e88d96!8m2!3d25.0287221!4d121.5571926!16s%2Fg%2F11sh29vx6r!19sChIJtdyyF82rQjQRlo3o5cSJSac?authuser=0&hl=zh-TW&rclk=1,
榕 RON Xinyi,https://www.google.com/maps/place/%E6%A6%95+RON+Xinyi/data=!4m7!3m6!1s0x3442abca10c6d60d:0x7d87ed75a31f0ad3!8m2!3d25.03222!4d121.5589026!16s%2Fg%2F11f10dzn2f!19sChIJDdbGEMqrQjQR0wofo3Xth30?authuser=0&hl=zh-TW&rclk=1,
榕 RON Xinyi·開啟過的連結,https://www.google.com/maps/place/%E6%A6%95+RON+Xinyi/data=!4m7!3m6!1s0x3442abca10c6d60d:0x7d87ed75a31f0ad3!8m2!3d25.03222!4d121.5589026!16s%2Fg%2F11f10dzn2f!19sChIJDdbGEMqrQjQR0wofo3Xth30?authuser=0&hl=zh-TW&rclk=1,
來吧台北日式餐酒館-酒吧調酒暢飲 taipeibar 約會餐廳 必訪信義區酒吧 PTT Dcard 台北酒吧 台北餐酒館 taipeifood 國父紀念館酒吧 國父紀念館餐酒館 大安酒吧 信義區餐酒館 信義區暢飲,https://www.google.com/maps/place/%E4%BE%86%E5%90%A7%E5%8F%B0%E5%8C%97%E6%97%A5%E5%BC%8F%E9%A4%90%E9%85%92%E9%A4%A8-%E9%85%92%E5%90%A7%E8%AA%BF%E9%85%92%E6%9A%A2%E9%A3%B2+taipeibar+%E7%B4%84%E6%9C%83%E9%A4%90%E5%BB%B3+%E5%BF%85%E8%A8%AA%E4%BF%A1%E7%BE%A9%E5%8D%80%E9%85%92%E5%90%A7+PTT+Dcard+%E5%8F%B0%E5%8C%97%E9%85%92%E5%90%A7+%E5%8F%B0%E5%8C%97%E9%A4%90%E9%85%92%E9%A4%A8+taipeifood+%E5%9C%8B%E7%88%B6%E7%B4%80%E5%BF%B5%E9%A4%A8%E9%85%92%E5%90%A7+%E5%9C%8B%E7%88%B6%E7%B4%80%E5%BF%B5%E9%A4%A8%E9%A4%90%E9%85%92%E9%A4%A8+%E5%A4%A7%E5%AE%89%E9%85%92%E5%90%A7+%E4%BF%A1%E7%BE%A9%E5%8D%80%E9%A4%90%E9%85%92%E9%A4%A8+%E4%BF%A1%E7%BE%A9%E5%8D%80%E6%9A%A2%E9%A3%B2/data=!4m7!3m6!1s0x3442abc8427f83f9:0xccfd27fe730ad56d!8m2!3d25.0371557!4d121.5579345!16s%2Fg%2F11dfjy7p66!19sChIJ-YN_QsirQjQRbdUKc_4n_cw?authuser=0&hl=zh-TW&rclk=1,
Escape Bar｜台北酒吧｜信義區酒吧｜台北餐酒館｜信義區餐酒館｜台北信義區B,https://www.google.com/maps/place/Escape+Bar%EF%BD%9C%E5%8F%B0%E5%8C%97%E9%85%92%E5%90%A7%EF%BD%9C%E4%BF%A1%E7%BE%A9%E5%8D%80%E9%85%92%E5%90%A7%EF%BD%9C%E5%8F%B0%E5%8C%97%E9%A4%90%E9%85%92%E9%A4%A8%EF%BD%9C%E4%BF%A1%E7%BE%A9%E5%8D%80%E9%A4%90%E9%85%92%E9%A4%A8%EF%BD%9C%E5%8F%B0%E5%8C%97%E4%BF%A1%E7%BE%A9%E5%8D%80B/data=!4m7!3m6!1s0x3442ab6a15374dd7:0x6cd342cae6635ce3!8m2!3d25.0320572!4d121.5580747!16s%2Fg%2F11kpldjvyp!19sChIJ1003FWqrQjQR41xj5spC02w?authuser=0&hl=zh-TW&rclk=1,"┇IG：ypj__0316┇
-
#蒜油鮮蝦義大利麵 ᴺᵀ³²⁰
#網紅蛋包飯 ᴺᵀ³⁶⁰
#台式拼盤 ᴺᵀ⁴⁸⁰
#生蠔 ᴺᵀ¹⁵⁰
#WAT ᴺᵀ²⁵⁰
#SAM ᴺᵀ³⁵⁰
#JENNIFER ᴺᵀ³⁵⁰

私心推薦我的愛店🍺
位於信義區新開的酒吧 離101距離很近
絕對是聖誕節、跨年與好友相聚
情人約會的好地方🥰
還記得那天點了兩份主餐一份拼盤！🍚
份量多用料很實在🤤

網美蛋包飯 師傅製作好後
會上桌在客人面前撒上香料 淋上醬汁後切開
整個蛋包飯的香味直接擴散開來！🍳
蒜油鮮蝦義大利麵 蝦子超大隻🦐
不是一般外面的那種小蝦仁
義大利麵的醬汁也是完美融合在整份餐點中
讓人大快朵頤🍝
特別的是這邊不只有常見的炸物拼盤
竟然還有香腸與鹹豬肉合體的台式拼盤
讓喜歡吃台式料理的我
多了一道很棒的下酒菜
肉質軟嫩、海鮮新鮮 超下飯🦞

不馬虎的料理 搭配不馬虎的酒水
除非一般常見的酒類以外
這邊非常推薦一隻WAT精釀啤酒
有檸檬茶跟蘋果紅茶的口味
喝起來沒什麼酒味 真的像飲料很好喝
酒單也特別 以老闆、朋友命名的調酒
每杯都有不同的風味
這次喝了SAM跟JENNIFER
下次一定要慢慢把所有特調都喝過一輪🥃

非常推薦大家可以跟三五好友來ESCAPE
第一次來就在這待蠻久的🍻
現代風環境 位置舒服寬敞🫶🏻
老闆們還會下來一起聊天玩樂
偶爾會有DJ來這邊放歌🎵
整個有很棒的快樂氛圍

❗️跨年派對❗️
步行20秒可以看到101煙火
指定調酒&啤酒&SHOT無限暢飲
20:00-01:00暢飲5小時ɴᴛ1200
01:00-05:00暢飲4小時ɴᴛ1000
座位數量有限 建議提早訂位
(🉑️私訊IG小盒子)

-
#潔の食 #潔ᴱᴬᵀ台北
#escape餐酒館 #escapetpc
#escape #escape酒吧 #escapebar
#餐酒館 #台北餐酒館 #信義區餐酒館
#酒吧 #台北酒吧 #信義區酒吧
#台北美食 #信義區美食
#食記 #相機先食 #手機先食
──────────────────── | 杯具與環境非常舒服，酸甜感舒服宜人，香氣到口感到口味與整杯酒喝完的時間節奏都很剛好 | 給一星都嫌太高，半夜三四點仍然大聲喧嘩，嚴重影響住戶安寧，走廊一堆煙蒂，造成環境髒亂 | 凌晨三點，十幾人在騎樓大聲吵鬧
你們酒吧都不管一下嗎？樓上都是住户耶😊 … | 每到假日騎樓外站一堆人，然後吵到不行
請問店家不知道附近是很多住宅嗎？
完全沒顧及過居民的感受耶😄
大家都不用睡覺了是不是😉
真的好棒👍🏻完全將沒品德發揮得淋漓盡致👍🏻 | 台北又多一個可以跟朋友聚會的地方~
除了小酌之外還有好吃的餐點，重點是店員都超帥!眼睛也不會餓到~推爆啦!只能說escape全方位照料你的需求，老闆有球必硬^_^想跟他喝酒也可以吶~~ | 酒很有水準，氣氛跟bartender 都是一時之選、大！推！ | 老闆人超nice～～～
調酒好喝 🩵
大推推喲！！！！！！！！ | 調酒好喝 店員人都很nice | 老闆們都超耐斯！！有型又好聊！！還可以慶生😍😍😍😍👍"
Twilight 餐酒館｜大安區酒吧｜信義安和酒吧｜,https://www.google.com/maps/place/Twilight+%E9%A4%90%E9%85%92%E9%A4%A8%EF%BD%9C%E5%A4%A7%E5%AE%89%E5%8D%80%E9%85%92%E5%90%A7%EF%BD%9C%E4%BF%A1%E7%BE%A9%E5%AE%89%E5%92%8C%E9%85%92%E5%90%A7%EF%BD%9C/data=!4m7!3m6!1s0x3442ab7644678811:0x184a2c94c472e80e!8m2!3d25.0329995!4d121.555005!16s%2Fg%2F11vkl47ps9!19sChIJEYhnRHarQjQRDuhyxJQsShg?authuser=0&hl=zh-TW&rclk=1,"餐廳位置不多，主要為高腳椅區及一般桌型，這次預約二位，分配高腳椅區，位置不太舒適，所以待沒多久用餐完畢就離開了。餐點若是參考份量，覺得稍微價高，但上菜速度滿快，這點倒是滿好的。 | 剛好遇到萬聖節🎃店裡都有裝扮
這間食物不錯 我覺得份量也夠
酒的部份蠻推煙花🎆有我愛的rum+紫蘇+梅酒🥂
只可惜只有限時兩個小時🥹🥹🥹還有高腳椅蠻不好坐的…..
不過還是可以回訪👍🏻👍🏻👍🏻 | 🔍IG：jiabaobao_foodie

捷運紅線信義安和站4號出口出來直走2分鐘

微昏暗的燈光很有情調 整體氛圍很舒服
下班與朋友小聚、小酌或是約會都好適合 ⸜♡⸝‍

等待餐點的時候竟然還有開胃飲品可以享用
當天提供的是抹茶優格～很好喝🍵✨

૭ 鱈魚塔塔迷你割包 $𝟯𝟮𝟬
૭ 鱸魚佐蒜辣檸檬油醋 $𝟯𝟴𝟬
૭ 羅勒蒜香蘑菇雞 $𝟯𝟴𝟬
૭ 自製蒜辣XO醬干貝蟹肉義大利麵 $𝟰𝟮𝟬
૭ 羅勒鮮蝦奶油燉飯 $𝟰𝟲𝟬

不論是前菜或是主食都無雷 我私心最推薦干貝義大利麵🍝
辣度很夠勁又夠味 麵體偏硬咬起來很有口感
大顆干貝熟度恰到好處 配上蟹肉和些許蔬菜 又涮嘴又好吃

鱈魚塔塔割包的塔塔醬也很香🥺
不知道大家有沒有吃過摩斯的鱈魚堡
那個香氣真的一模一樣阿我真的超愛的
鱸魚的外皮煎至酥香脆 魚肉軟嫩
搭配蒜辣洋蔥再擠上檸檬很清爽🍋

喜歡燉飯帶有米心感的 Twilight家的燉飯你會很喜歡🫶🏻
這次吃的青醬口味 調味上偏淡雅一些 五隻剝好的蝦子很加分蘑菇雞的調味超下飯
去骨雞腿肉整個吸飽飽醬汁非常入味 .ᐟ.ᐟ

૭ 煙花 $𝟰𝟬𝟬
紫蘇｜梅酒｜蘭姆酒
૭ 歲月靜好 $𝟯𝟴𝟬
伯爵茶｜桃子｜葡萄柚
૭ 春日圓舞曲 $𝟯𝟲𝟬
烏龍茶｜柚子｜紅心芭樂

想要來杯浮誇的調酒就點一杯煙花吧💥
紫蘇的香氣非常鮮明、濃烈
春日圓舞曲是紅心芭樂搭配烏龍茶 果香與茶香的融合
芭樂香氣很足 不會有奇怪的香精味🥺
歲月靜好以伯爵茶入酒 喝起來有水果茶的感覺
喜歡茶酒的可以試試看這杯
三杯調酒酒感都中偏輕 喝起來順口～

🔺平日低消 $𝟲𝟬𝟬/人
🔺假日低消 $𝟴𝟬𝟬/人 (12歲以下孩童不需低消） | 本想衝著調酒喝到飽的方案奔去，可惜9月底活動已經結束，只試喝了5杯調酒，每個酒名酒語都洽如其份，例如酒名煙花，燦爛一剎那，可惜無法嚐遍每一杯…… | 這家餐酒館是約會的絕佳選擇👍環境優雅浪漫，燈光柔和，音樂輕柔，營造出溫馨愉悅的氛圍。菜品美味精緻，搭配的紅酒也非常出色，讓每一口都充滿了驚喜與滿足。服務人員親切且專業，讓整個用餐過程更加愉快。這裡的每一個細節都展現出對顧客的關懷和用心，非常適合情侶來這裡享受美好的晚餐和彼此的陪伴。強烈推薦給想要度過一個難忘約會夜晚的朋友們❤️❤️❤️ | 調酒偏甜，要$990喝到飽菜單需要另外跟店員要；餐點中等以上，上菜非常快，兩個小時需離開。老闆很客氣請了壽星喝shot。 | 整個空間以大面積的白色為主，燈光溫暖如日出的光線，營造出舒適的用餐氛圍。店內有座位區、吧台和高腳區，高腳區的桌面較小，稍顯擁擠，因此建議先點一些餐點，等食用完再加點，店內位置有限，建議提前訂位。整體環境給人高品質感，餐點的部分也相當的精緻及美味，非常適合朋友聚會慶生～ | 店內氣氛很好，是個適合下班跟好友聊天的地方！店內人員都很親切，如果有事先訂位，桌上會有一張小卡，很可愛～
調酒的部分雖然很漂亮，不過味道普普，餐點的部分推薦烘蛋。 | 第一次來餐酒館比較難比較，低消800，餐點還不錯，松阪豬燉飯米芯煮的比較硬，酒的話我點BREEZE，帶有仙楂的香氣，朋友的整杯草莓粉很好拍，這次喝到的每杯酒 酒感都偏重，或是單純我太少喝哈哈。店內氛圍感很高級 剛進來會有迎賓果醋 離場前還有 shot杯 算是蠻特別的體驗 | 氛圍營造的超棒！
是個很讓人放鬆的地方，
適合好友談心、慶生、小酌
是個色、香、味俱全的地方❤️
超推薦奧羅拉這杯酒
好看又好喝！
隨著特製冰塊的融化
每一個時間都可以感受到不一樣的感覺！
附上的小卡帶有香味，
聞了可以讓心情放鬆一整晚🥰
食物也好吃！看起來份量不多，
但是我們兩個超級飽🤣"
安慰劑 Placebo Taipei,https://www.google.com/maps/place/%E5%AE%89%E6%85%B0%E5%8A%91+Placebo+Taipei/data=!4m7!3m6!1s0x3442abcaf14d1a35:0xca59c4fe8574e876!8m2!3d25.0300709!4d121.5579706!16s%2Fg%2F11crydqv8w!19sChIJNRpN8cqrQjQRduh0hf7EWco?authuser=0&hl=zh-TW&rclk=1,
MQ - Marquee Taipei,https://www.google.com/maps/place/MQ+-+Marquee+Taipei/data=!4m7!3m6!1s0x3442abb688a5e54d:0xf0f83d6abd6367f0!8m2!3d25.0325115!4d121.5631925!16s%2Fg%2F1vm784gw!19sChIJTeWliLarQjQR8GdjvWo9-PA?authuser=0&hl=zh-TW&rclk=1,
attic trade company,https://www.google.com/maps/place/attic+trade+company/data=!4m7!3m6!1s0x3442ab4cf4ffbfff:0x794a71dabaee4abe!8m2!3d25.032209!4d121.5589464!16s%2Fg%2F11f4z57r9l!19sChIJ_7__9EyrQjQRvkruutpxSnk?authuser=0&hl=zh-TW&rclk=1,
XD－Bar,https://www.google.com/maps/place/XD%EF%BC%8DBar/data=!4m7!3m6!1s0x3442abd0f3924f69:0x6ba4451d9b787688!8m2!3d25.0406227!4d121.5654586!16s%2Fg%2F11srgxxylq!19sChIJaU-S89CrQjQRiHZ4mx1FpGs?authuser=0&hl=zh-TW&rclk=1,
attic trade company·開啟過的連結,https://www.google.com/maps/place/attic+trade+company/data=!4m7!3m6!1s0x3442ab4cf4ffbfff:0x794a71dabaee4abe!8m2!3d25.032209!4d121.5589464!16s%2Fg%2F11f4z57r9l!19sChIJ_7__9EyrQjQRvkruutpxSnk?authuser=0&hl=zh-TW&rclk=1,
Charlie's Sports Bar Taipei,https://www.google.com/maps/place/Charlie%27s+Sports+Bar+Taipei/data=!4m7!3m6!1s0x3442ab1306dcc51d:0xa9403487161b4340!8m2!3d25.0262258!4d121.5548872!16s%2Fg%2F11ghq92r0c!19sChIJHcXcBhOrQjQRQEMbFoc0QKk?authuser=0&hl=zh-TW&rclk=1,"很適合看運動賽事的酒吧，餐點也滿多
建議提早訂位
轉播比賽都有聲音，店裡不會開音樂，這點很棒 | 氣氛超好 非常適合聚在一起看球賽的地方，酒單品項也都蠻好喝的，店內有charge spot借電站也不用擔心手機沒電的問題
大推！！ | 原本看人不多所以有點害怕，但應該是因為近期沒什麼運動賽事的緣故
覺得這家算是寶藏酒吧，調酒很好喝！隨意點的幾杯屬於清爽系調酒但又不會酒感不足，人少的好處就是有種包場的爽感😍 … | 食物好吃！環境也很讚！！ | 食物划算實惠，最常點炸物拼盤組合，調酒可以客製化調整👍🏼👍🏼
這次比賽是店內自辦的首屆電競比賽 | 調酒也很好喝的運動酒吧!聽說有比賽的時候會非常爆滿，但我們剛好是在一個沒有比賽的周五晚上去店裡非常空曠安靜。點的調酒其實都意外的很有層次跟水準，比起一般的運動酒吧的酒好太多了!!!會是個續攤跟隨時想walk 調酒也很好喝的運動酒吧!聽說有比賽的時候會非常爆滿，但我們剛好是在一個沒有比賽的周五晚上去店裡非常空曠安靜。點的調酒其實都意外的很有層次跟水準，比起一般的運動酒吧的酒好太多了!!!會是個續攤跟隨時想walk in的好選擇!! 一定會再訪!! | 這家酒吧的大部分客人好像都是為了去看球賽轉播，如果是想感受球賽氣氛可以來，但如果是想要喝好喝的酒，就相對沒有那麼推薦，因為我們點了四杯酒，喝起來都普普通通，炸物還比較好吃。 | 昨天是為了看溫網四強而去的，第一次來，本來也想試試吃的，但因為感冒了實在沒什麼胃口，所以就點了一瓶不冰的啤酒。老闆人很好，知道我不舒服，就請服務人員裝一杯溫水給我，後來服務人員也一直幫我裝溫水，讓我減緩喉嚨痛的不適感，非常感謝他們。

老闆本身也是球迷，很會帶動氣氛，看球的氣氛很好，環境也很棒，有半獨立包廂也有吧台和桌子的位置，螢幕很多不怕座位角度偏看不到球賽，播放各式球賽，除了啤酒還有調酒，啤酒的價格很平價，是適合看球賽的好地方！ | 歐洲杯冠軍賽之夜！現場大螢幕看球賽真的過癮，氣氛非常的棒！餐點價格稍微貴了些，炸牡蠣很好吃 | 新的調酒菜單很好喝！沒想到在運動酒吧也可以喝到如此有水準的調酒～食物也好吃，氣氛又好，很適合下班之後跟朋友小酌一杯、輕鬆聊天的地方～很推～"
Sandalwood Taipei,https://www.google.com/maps/place/Sandalwood+Taipei/data=!4m7!3m6!1s0x3442abcd17b2dcb5:0xa74989c4e5e88d96!8m2!3d25.0287221!4d121.5571926!16s%2Fg%2F11sh29vx6r!19sChIJtdyyF82rQjQRlo3o5cSJSac?authuser=0&hl=zh-TW&rclk=1,
BAR HINOKI,https://www.google.com/maps/place/BAR+HINOKI/data=!4m7!3m6!1s0x3442abeb1e329b8f:0xb00cceaa37a8bb6e!8m2!3d25.027834!4d121.55681!16s%2Fg%2F11twhsy2c2!19sChIJj5syHuurQjQRbruoN6rODLA?authuser=0&hl=zh-TW&rclk=1,
榕 RON Xinyi,https://www.google.com/maps/place/%E6%A6%95+RON+Xinyi/data=!4m7!3m6!1s0x3442abca10c6d60d:0x7d87ed75a31f0ad3!8m2!3d25.03222!4d121.5589026!16s%2Fg%2F11f10dzn2f!19sChIJDdbGEMqrQjQR0wofo3Xth30?authuser=0&hl=zh-TW&rclk=1,
榕 RON Xinyi·開啟過的連結,https://www.google.com/maps/place/%E6%A6%95+RON+Xinyi/data=!4m7!3m6!1s0x3442abca10c6d60d:0x7d87ed75a31f0ad3!8m2!3d25.03222!4d121.5589026!16s%2Fg%2F11f10dzn2f!19sChIJDdbGEMqrQjQR0wofo3Xth30?authuser=0&hl=zh-TW&rclk=1,
來吧台北日式餐酒館-酒吧調酒暢飲 taipeibar 約會餐廳 必訪信義區酒吧 PTT Dcard 台北酒吧 台北餐酒館 taipeifood 國父紀念館酒吧 國父紀念館餐酒館 大安酒吧 信義區餐酒館 信義區暢飲,https://www.google.com/maps/place/%E4%BE%86%E5%90%A7%E5%8F%B0%E5%8C%97%E6%97%A5%E5%BC%8F%E9%A4%90%E9%85%92%E9%A4%A8-%E9%85%92%E5%90%A7%E8%AA%BF%E9%85%92%E6%9A%A2%E9%A3%B2+taipeibar+%E7%B4%84%E6%9C%83%E9%A4%90%E5%BB%B3+%E5%BF%85%E8%A8%AA%E4%BF%A1%E7%BE%A9%E5%8D%80%E9%85%92%E5%90%A7+PTT+Dcard+%E5%8F%B0%E5%8C%97%E9%85%92%E5%90%A7+%E5%8F%B0%E5%8C%97%E9%A4%90%E9%85%92%E9%A4%A8+taipeifood+%E5%9C%8B%E7%88%B6%E7%B4%80%E5%BF%B5%E9%A4%A8%E9%85%92%E5%90%A7+%E5%9C%8B%E7%88%B6%E7%B4%80%E5%BF%B5%E9%A4%A8%E9%A4%90%E9%85%92%E9%A4%A8+%E5%A4%A7%E5%AE%89%E9%85%92%E5%90%A7+%E4%BF%A1%E7%BE%A9%E5%8D%80%E9%A4%90%E9%85%92%E9%A4%A8+%E4%BF%A1%E7%BE%A9%E5%8D%80%E6%9A%A2%E9%A3%B2/data=!4m7!3m6!1s0x3442abc8427f83f9:0xccfd27fe730ad56d!8m2!3d25.0371557!4d121.5579345!16s%2Fg%2F11dfjy7p66!19sChIJ-YN_QsirQjQRbdUKc_4n_cw?authuser=0&hl=zh-TW&rclk=1,
Escape Bar｜台北酒吧｜信義區酒吧｜台北餐酒館｜信義區餐酒館｜台北信義區B,https://www.google.com/maps/place/Escape+Bar%EF%BD%9C%E5%8F%B0%E5%8C%97%E9%85%92%E5%90%A7%EF%BD%9C%E4%BF%A1%E7%BE%A9%E5%8D%80%E9%85%92%E5%90%A7%EF%BD%9C%E5%8F%B0%E5%8C%97%E9%A4%90%E9%85%92%E9%A4%A8%EF%BD%9C%E4%BF%A1%E7%BE%A9%E5%8D%80%E9%A4%90%E9%85%92%E9%A4%A8%EF%BD%9C%E5%8F%B0%E5%8C%97%E4%BF%A1%E7%BE%A9%E5%8D%80B/data=!4m7!3m6!1s0x3442ab6a15374dd7:0x6cd342cae6635ce3!8m2!3d25.0320572!4d121.5580747!16s%2Fg%2F11kpldjvyp!19sChIJ1003FWqrQjQR41xj5spC02w?authuser=0&hl=zh-TW&rclk=1,"┇IG：ypj__0316┇
-
#蒜油鮮蝦義大利麵 ᴺᵀ³²⁰
#網紅蛋包飯 ᴺᵀ³⁶⁰
#台式拼盤 ᴺᵀ⁴⁸⁰
#生蠔 ᴺᵀ¹⁵⁰
#WAT ᴺᵀ²⁵⁰
#SAM ᴺᵀ³⁵⁰
#JENNIFER ᴺᵀ³⁵⁰

私心推薦我的愛店🍺
位於信義區新開的酒吧 離101距離很近
絕對是聖誕節、跨年與好友相聚
情人約會的好地方🥰
還記得那天點了兩份主餐一份拼盤！🍚
份量多用料很實在🤤

網美蛋包飯 師傅製作好後
會上桌在客人面前撒上香料 淋上醬汁後切開
整個蛋包飯的香味直接擴散開來！🍳
蒜油鮮蝦義大利麵 蝦子超大隻🦐
不是一般外面的那種小蝦仁
義大利麵的醬汁也是完美融合在整份餐點中
讓人大快朵頤🍝
特別的是這邊不只有常見的炸物拼盤
竟然還有香腸與鹹豬肉合體的台式拼盤
讓喜歡吃台式料理的我
多了一道很棒的下酒菜
肉質軟嫩、海鮮新鮮 超下飯🦞

不馬虎的料理 搭配不馬虎的酒水
除非一般常見的酒類以外
這邊非常推薦一隻WAT精釀啤酒
有檸檬茶跟蘋果紅茶的口味
喝起來沒什麼酒味 真的像飲料很好喝
酒單也特別 以老闆、朋友命名的調酒
每杯都有不同的風味
這次喝了SAM跟JENNIFER
下次一定要慢慢把所有特調都喝過一輪🥃

非常推薦大家可以跟三五好友來ESCAPE
第一次來就在這待蠻久的🍻
現代風環境 位置舒服寬敞🫶🏻
老闆們還會下來一起聊天玩樂
偶爾會有DJ來這邊放歌🎵
整個有很棒的快樂氛圍

❗️跨年派對❗️
步行20秒可以看到101煙火
指定調酒&啤酒&SHOT無限暢飲
20:00-01:00暢飲5小時ɴᴛ1200
01:00-05:00暢飲4小時ɴᴛ1000
座位數量有限 建議提早訂位
(🉑️私訊IG小盒子)

-
#潔の食 #潔ᴱᴬᵀ台北
#escape餐酒館 #escapetpc
#escape #escape酒吧 #escapebar
#餐酒館 #台北餐酒館 #信義區餐酒館
#酒吧 #台北酒吧 #信義區酒吧
#台北美食 #信義區美食
#食記 #相機先食 #手機先食
──────────────────── | 杯具與環境非常舒服，酸甜感舒服宜人，香氣到口感到口味與整杯酒喝完的時間節奏都很剛好 | 給一星都嫌太高，半夜三四點仍然大聲喧嘩，嚴重影響住戶安寧，走廊一堆煙蒂，造成環境髒亂 | 凌晨三點，十幾人在騎樓大聲吵鬧
你們酒吧都不管一下嗎？樓上都是住户耶😊 … | 每到假日騎樓外站一堆人，然後吵到不行
請問店家不知道附近是很多住宅嗎？
完全沒顧及過居民的感受耶😄
大家都不用睡覺了是不是😉
真的好棒👍🏻完全將沒品德發揮得淋漓盡致👍🏻 | 台北又多一個可以跟朋友聚會的地方~
除了小酌之外還有好吃的餐點，重點是店員都超帥!眼睛也不會餓到~推爆啦!只能說escape全方位照料你的需求，老闆有球必硬^_^想跟他喝酒也可以吶~~ | 酒很有水準，氣氛跟bartender 都是一時之選、大！推！ | 老闆人超nice～～～
調酒好喝 🩵
大推推喲！！！！！！！！ | 調酒好喝 店員人都很nice | 老闆們都超耐斯！！有型又好聊！！還可以慶生😍😍😍😍👍"
Twilight 餐酒館｜大安區酒吧｜信義安和酒吧｜,https://www.google.com/maps/place/Twilight+%E9%A4%90%E9%85%92%E9%A4%A8%EF%BD%9C%E5%A4%A7%E5%AE%89%E5%8D%80%E9%85%92%E5%90%A7%EF%BD%9C%E4%BF%A1%E7%BE%A9%E5%AE%89%E5%92%8C%E9%85%92%E5%90%A7%EF%BD%9C/data=!4m7!3m6!1s0x3442ab7644678811:0x184a2c94c472e80e!8m2!3d25.0329995!4d121.555005!16s%2Fg%2F11vkl47ps9!19sChIJEYhnRHarQjQRDuhyxJQsShg?authuser=0&hl=zh-TW&rclk=1,"餐廳位置不多，主要為高腳椅區及一般桌型，這次預約二位，分配高腳椅區，位置不太舒適，所以待沒多久用餐完畢就離開了。餐點若是參考份量，覺得稍微價高，但上菜速度滿快，這點倒是滿好的。 | 剛好遇到萬聖節🎃店裡都有裝扮
這間食物不錯 我覺得份量也夠
酒的部份蠻推煙花🎆有我愛的rum+紫蘇+梅酒🥂
只可惜只有限時兩個小時🥹🥹🥹還有高腳椅蠻不好坐的…..
不過還是可以回訪👍🏻👍🏻👍🏻 | 🔍IG：jiabaobao_foodie

捷運紅線信義安和站4號出口出來直走2分鐘

微昏暗的燈光很有情調 整體氛圍很舒服
下班與朋友小聚、小酌或是約會都好適合 ⸜♡⸝‍

等待餐點的時候竟然還有開胃飲品可以享用
當天提供的是抹茶優格～很好喝🍵✨

૭ 鱈魚塔塔迷你割包 $𝟯𝟮𝟬
૭ 鱸魚佐蒜辣檸檬油醋 $𝟯𝟴𝟬
૭ 羅勒蒜香蘑菇雞 $𝟯𝟴𝟬
૭ 自製蒜辣XO醬干貝蟹肉義大利麵 $𝟰𝟮𝟬
૭ 羅勒鮮蝦奶油燉飯 $𝟰𝟲𝟬

不論是前菜或是主食都無雷 我私心最推薦干貝義大利麵🍝
辣度很夠勁又夠味 麵體偏硬咬起來很有口感
大顆干貝熟度恰到好處 配上蟹肉和些許蔬菜 又涮嘴又好吃

鱈魚塔塔割包的塔塔醬也很香🥺
不知道大家有沒有吃過摩斯的鱈魚堡
那個香氣真的一模一樣阿我真的超愛的
鱸魚的外皮煎至酥香脆 魚肉軟嫩
搭配蒜辣洋蔥再擠上檸檬很清爽🍋

喜歡燉飯帶有米心感的 Twilight家的燉飯你會很喜歡🫶🏻
這次吃的青醬口味 調味上偏淡雅一些 五隻剝好的蝦子很加分蘑菇雞的調味超下飯
去骨雞腿肉整個吸飽飽醬汁非常入味 .ᐟ.ᐟ

૭ 煙花 $𝟰𝟬𝟬
紫蘇｜梅酒｜蘭姆酒
૭ 歲月靜好 $𝟯𝟴𝟬
伯爵茶｜桃子｜葡萄柚
૭ 春日圓舞曲 $𝟯𝟲𝟬
烏龍茶｜柚子｜紅心芭樂

想要來杯浮誇的調酒就點一杯煙花吧💥
紫蘇的香氣非常鮮明、濃烈
春日圓舞曲是紅心芭樂搭配烏龍茶 果香與茶香的融合
芭樂香氣很足 不會有奇怪的香精味🥺
歲月靜好以伯爵茶入酒 喝起來有水果茶的感覺
喜歡茶酒的可以試試看這杯
三杯調酒酒感都中偏輕 喝起來順口～

🔺平日低消 $𝟲𝟬𝟬/人
🔺假日低消 $𝟴𝟬𝟬/人 (12歲以下孩童不需低消） | 本想衝著調酒喝到飽的方案奔去，可惜9月底活動已經結束，只試喝了5杯調酒，每個酒名酒語都洽如其份，例如酒名煙花，燦爛一剎那，可惜無法嚐遍每一杯…… | 這家餐酒館是約會的絕佳選擇👍環境優雅浪漫，燈光柔和，音樂輕柔，營造出溫馨愉悅的氛圍。菜品美味精緻，搭配的紅酒也非常出色，讓每一口都充滿了驚喜與滿足。服務人員親切且專業，讓整個用餐過程更加愉快。這裡的每一個細節都展現出對顧客的關懷和用心，非常適合情侶來這裡享受美好的晚餐和彼此的陪伴。強烈推薦給想要度過一個難忘約會夜晚的朋友們❤️❤️❤️ | 調酒偏甜，要$990喝到飽菜單需要另外跟店員要；餐點中等以上，上菜非常快，兩個小時需離開。老闆很客氣請了壽星喝shot。 | 整個空間以大面積的白色為主，燈光溫暖如日出的光線，營造出舒適的用餐氛圍。店內有座位區、吧台和高腳區，高腳區的桌面較小，稍顯擁擠，因此建議先點一些餐點，等食用完再加點，店內位置有限，建議提前訂位。整體環境給人高品質感，餐點的部分也相當的精緻及美味，非常適合朋友聚會慶生～ | 店內氣氛很好，是個適合下班跟好友聊天的地方！店內人員都很親切，如果有事先訂位，桌上會有一張小卡，很可愛～
調酒的部分雖然很漂亮，不過味道普普，餐點的部分推薦烘蛋。 | 第一次來餐酒館比較難比較，低消800，餐點還不錯，松阪豬燉飯米芯煮的比較硬，酒的話我點BREEZE，帶有仙楂的香氣，朋友的整杯草莓粉很好拍，這次喝到的每杯酒 酒感都偏重，或是單純我太少喝哈哈。店內氛圍感很高級 剛進來會有迎賓果醋 離場前還有 shot杯 算是蠻特別的體驗 | 氛圍營造的超棒！
是個很讓人放鬆的地方，
適合好友談心、慶生、小酌
是個色、香、味俱全的地方❤️
超推薦奧羅拉這杯酒
好看又好喝！
隨著特製冰塊的融化
每一個時間都可以感受到不一樣的感覺！
附上的小卡帶有香味，
聞了可以讓心情放鬆一整晚🥰
食物也好吃！看起來份量不多，
但是我們兩個超級飽🤣"
安慰劑 Placebo Taipei,https://www.google.com/maps/place/%E5%AE%89%E6%85%B0%E5%8A%91+Placebo+Taipei/data=!4m7!3m6!1s0x3442abcaf14d1a35:0xca59c4fe8574e876!8m2!3d25.0300709!4d121.5579706!16s%2Fg%2F11crydqv8w!19sChIJNRpN8cqrQjQRduh0hf7EWco?authuser=0&hl=zh-TW&rclk=1,
MQ - Marquee Taipei,https://www.google.com/maps/place/MQ+-+Marquee+Taipei/data=!4m7!3m6!1s0x3442abb688a5e54d:0xf0f83d6abd6367f0!8m2!3d25.0325115!4d121.5631925!16s%2Fg%2F1vm784gw!19sChIJTeWliLarQjQR8GdjvWo9-PA?authuser=0&hl=zh-TW&rclk=1,
attic trade company,https://www.google.com/maps/place/attic+trade+company/data=!4m7!3m6!1s0x3442ab4cf4ffbfff:0x794a71dabaee4abe!8m2!3d25.032209!4d121.5589464!16s%2Fg%2F11f4z57r9l!19sChIJ_7__9EyrQjQRvkruutpxSnk?authuser=0&hl=zh-TW&rclk=1,
XD－Bar,https://www.google.com/maps/place/XD%EF%BC%8DBar/data=!4m7!3m6!1s0x3442abd0f3924f69:0x6ba4451d9b787688!8m2!3d25.0406227!4d121.5654586!16s%2Fg%2F11srgxxylq!19sChIJaU-S89CrQjQRiHZ4mx1FpGs?authuser=0&hl=zh-TW&rclk=1,
attic trade company·開啟過的連結,https://www.google.com/maps/place/attic+trade+company/data=!4m7!3m6!1s0x3442ab4cf4ffbfff:0x794a71dabaee4abe!8m2!3d25.032209!4d121.5589464!16s%2Fg%2F11f4z57r9l!19sChIJ_7__9EyrQjQRvkruutpxSnk?authuser=0&hl=zh-TW&rclk=1,
Charlie's Sports Bar Taipei,https://www.google.com/maps/place/Charlie%27s+Sports+Bar+Taipei/data=!4m7!3m6!1s0x3442ab1306dcc51d:0xa9403487161b4340!8m2!3d25.0262258!4d121.5548872!16s%2Fg%2F11ghq92r0c!19sChIJHcXcBhOrQjQRQEMbFoc0QKk?authuser=0&hl=zh-TW&rclk=1,"很適合看運動賽事的酒吧，餐點也滿多
建議提早訂位
轉播比賽都有聲音，店裡不會開音樂，這點很棒 | 氣氛超好 非常適合聚在一起看球賽的地方，酒單品項也都蠻好喝的，店內有charge spot借電站也不用擔心手機沒電的問題
大推！！ | 原本看人不多所以有點害怕，但應該是因為近期沒什麼運動賽事的緣故
覺得這家算是寶藏酒吧，調酒很好喝！隨意點的幾杯屬於清爽系調酒但又不會酒感不足，人少的好處就是有種包場的爽感😍 … | 食物好吃！環境也很讚！！ | 食物划算實惠，最常點炸物拼盤組合，調酒可以客製化調整👍🏼👍🏼
這次比賽是店內自辦的首屆電競比賽 | 調酒也很好喝的運動酒吧!聽說有比賽的時候會非常爆滿，但我們剛好是在一個沒有比賽的周五晚上去店裡非常空曠安靜。點的調酒其實都意外的很有層次跟水準，比起一般的運動酒吧的酒好太多了!!!會是個續攤跟隨時想walk 調酒也很好喝的運動酒吧!聽說有比賽的時候會非常爆滿，但我們剛好是在一個沒有比賽的周五晚上去店裡非常空曠安靜。點的調酒其實都意外的很有層次跟水準，比起一般的運動酒吧的酒好太多了!!!會是個續攤跟隨時想walk in的好選擇!! 一定會再訪!! | 這家酒吧的大部分客人好像都是為了去看球賽轉播，如果是想感受球賽氣氛可以來，但如果是想要喝好喝的酒，就相對沒有那麼推薦，因為我們點了四杯酒，喝起來都普普通通，炸物還比較好吃。 | 昨天是為了看溫網四強而去的，第一次來，本來也想試試吃的，但因為感冒了實在沒什麼胃口，所以就點了一瓶不冰的啤酒。老闆人很好，知道我不舒服，就請服務人員裝一杯溫水給我，後來服務人員也一直幫我裝溫水，讓我減緩喉嚨痛的不適感，非常感謝他們。

老闆本身也是球迷，很會帶動氣氛，看球的氣氛很好，環境也很棒，有半獨立包廂也有吧台和桌子的位置，螢幕很多不怕座位角度偏看不到球賽，播放各式球賽，除了啤酒還有調酒，啤酒的價格很平價，是適合看球賽的好地方！ | 歐洲杯冠軍賽之夜！現場大螢幕看球賽真的過癮，氣氛非常的棒！餐點價格稍微貴了些，炸牡蠣很好吃 | 新的調酒菜單很好喝！沒想到在運動酒吧也可以喝到如此有水準的調酒～食物也好吃，氣氛又好，很適合下班之後跟朋友小酌一杯、輕鬆聊天的地方～很推～"
Sandalwood Taipei,https://www.google.com/maps/place/Sandalwood+Taipei/data=!4m7!3m6!1s0x3442abcd17b2dcb5:0xa74989c4e5e88d96!8m2!3d25.0287221!4d121.5571926!16s%2Fg%2F11sh29vx6r!19sChIJtdyyF82rQjQRlo3o5cSJSac?authuser=0&hl=zh-TW&rclk=1,
BAR HINOKI,https://www.google.com/maps/place/BAR+HINOKI/data=!4m7!3m6!1s0x3442abeb1e329b8f:0xb00cceaa37a8bb6e!8m2!3d25.027834!4d121.55681!16s%2Fg%2F11twhsy2c2!19sChIJj5syHuurQjQRbruoN6rODLA?authuser=0&hl=zh-TW&rclk=1,
Ounce,https://www.google.com/maps/place/Ounce/data=!4m7!3m6!1s0x3442abcd1fbd2c2f:0xeb1fe4b16f0cf9ac!8m2!3d25.0332737!4d121.5558604!16s%2Fg%2F11b7cmjknq!19sChIJLyy9H82rQjQRrPkMb7HkH-s?authuser=0&hl=zh-TW&rclk=1,
榕 RON Xinyi,https://www.google.com/maps/place/%E6%A6%95+RON+Xinyi/data=!4m7!3m6!1s0x3442abca10c6d60d:0x7d87ed75a31f0ad3!8m2!3d25.03222!4d121.5589026!16s%2Fg%2F11f10dzn2f!19sChIJDdbGEMqrQjQR0wofo3Xth30?authuser=0&hl=zh-TW&rclk=1,
榕 RON Xinyi·開啟過的連結,https://www.google.com/maps/place/%E6%A6%95+RON+Xinyi/data=!4m7!3m6!1s0x3442abca10c6d60d:0x7d87ed75a31f0ad3!8m2!3d25.03222!4d121.5589026!16s%2Fg%2F11f10dzn2f!19sChIJDdbGEMqrQjQR0wofo3Xth30?authuser=0&hl=zh-TW&rclk=1,
來吧台北日式餐酒館-酒吧調酒暢飲 taipeibar 約會餐廳 必訪信義區酒吧 PTT Dcard 台北酒吧 台北餐酒館 taipeifood 國父紀念館酒吧 國父紀念館餐酒館 大安酒吧 信義區餐酒館 信義區暢飲,https://www.google.com/maps/place/%E4%BE%86%E5%90%A7%E5%8F%B0%E5%8C%97%E6%97%A5%E5%BC%8F%E9%A4%90%E9%85%92%E9%A4%A8-%E9%85%92%E5%90%A7%E8%AA%BF%E9%85%92%E6%9A%A2%E9%A3%B2+taipeibar+%E7%B4%84%E6%9C%83%E9%A4%90%E5%BB%B3+%E5%BF%85%E8%A8%AA%E4%BF%A1%E7%BE%A9%E5%8D%80%E9%85%92%E5%90%A7+PTT+Dcard+%E5%8F%B0%E5%8C%97%E9%85%92%E5%90%A7+%E5%8F%B0%E5%8C%97%E9%A4%90%E9%85%92%E9%A4%A8+taipeifood+%E5%9C%8B%E7%88%B6%E7%B4%80%E5%BF%B5%E9%A4%A8%E9%85%92%E5%90%A7+%E5%9C%8B%E7%88%B6%E7%B4%80%E5%BF%B5%E9%A4%A8%E9%A4%90%E9%85%92%E9%A4%A8+%E5%A4%A7%E5%AE%89%E9%85%92%E5%90%A7+%E4%BF%A1%E7%BE%A9%E5%8D%80%E9%A4%90%E9%85%92%E9%A4%A8+%E4%BF%A1%E7%BE%A9%E5%8D%80%E6%9A%A2%E9%A3%B2/data=!4m7!3m6!1s0x3442abc8427f83f9:0xccfd27fe730ad56d!8m2!3d25.0371557!4d121.5579345!16s%2Fg%2F11dfjy7p66!19sChIJ-YN_QsirQjQRbdUKc_4n_cw?authuser=0&hl=zh-TW&rclk=1,
Escape Bar｜台北酒吧｜信義區酒吧｜台北餐酒館｜信義區餐酒館｜台北信義區B,https://www.google.com/maps/place/Escape+Bar%EF%BD%9C%E5%8F%B0%E5%8C%97%E9%85%92%E5%90%A7%EF%BD%9C%E4%BF%A1%E7%BE%A9%E5%8D%80%E9%85%92%E5%90%A7%EF%BD%9C%E5%8F%B0%E5%8C%97%E9%A4%90%E9%85%92%E9%A4%A8%EF%BD%9C%E4%BF%A1%E7%BE%A9%E5%8D%80%E9%A4%90%E9%85%92%E9%A4%A8%EF%BD%9C%E5%8F%B0%E5%8C%97%E4%BF%A1%E7%BE%A9%E5%8D%80B/data=!4m7!3m6!1s0x3442ab6a15374dd7:0x6cd342cae6635ce3!8m2!3d25.0320572!4d121.5580747!16s%2Fg%2F11kpldjvyp!19sChIJ1003FWqrQjQR41xj5spC02w?authuser=0&hl=zh-TW&rclk=1,"┇IG：ypj__0316┇
-
#蒜油鮮蝦義大利麵 ᴺᵀ³²⁰
#網紅蛋包飯 ᴺᵀ³⁶⁰
#台式拼盤 ᴺᵀ⁴⁸⁰
#生蠔 ᴺᵀ¹⁵⁰
#WAT ᴺᵀ²⁵⁰
#SAM ᴺᵀ³⁵⁰
#JENNIFER ᴺᵀ³⁵⁰

私心推薦我的愛店🍺
位於信義區新開的酒吧 離101距離很近
絕對是聖誕節、跨年與好友相聚
情人約會的好地方🥰
還記得那天點了兩份主餐一份拼盤！🍚
份量多用料很實在🤤

網美蛋包飯 師傅製作好後
會上桌在客人面前撒上香料 淋上醬汁後切開
整個蛋包飯的香味直接擴散開來！🍳
蒜油鮮蝦義大利麵 蝦子超大隻🦐
不是一般外面的那種小蝦仁
義大利麵的醬汁也是完美融合在整份餐點中
讓人大快朵頤🍝
特別的是這邊不只有常見的炸物拼盤
竟然還有香腸與鹹豬肉合體的台式拼盤
讓喜歡吃台式料理的我
多了一道很棒的下酒菜
肉質軟嫩、海鮮新鮮 超下飯🦞

不馬虎的料理 搭配不馬虎的酒水
除非一般常見的酒類以外
這邊非常推薦一隻WAT精釀啤酒
有檸檬茶跟蘋果紅茶的口味
喝起來沒什麼酒味 真的像飲料很好喝
酒單也特別 以老闆、朋友命名的調酒
每杯都有不同的風味
這次喝了SAM跟JENNIFER
下次一定要慢慢把所有特調都喝過一輪🥃

非常推薦大家可以跟三五好友來ESCAPE
第一次來就在這待蠻久的🍻
現代風環境 位置舒服寬敞🫶🏻
老闆們還會下來一起聊天玩樂
偶爾會有DJ來這邊放歌🎵
整個有很棒的快樂氛圍

❗️跨年派對❗️
步行20秒可以看到101煙火
指定調酒&啤酒&SHOT無限暢飲
20:00-01:00暢飲5小時ɴᴛ1200
01:00-05:00暢飲4小時ɴᴛ1000
座位數量有限 建議提早訂位
(🉑️私訊IG小盒子)

-
#潔の食 #潔ᴱᴬᵀ台北
#escape餐酒館 #escapetpc
#escape #escape酒吧 #escapebar
#餐酒館 #台北餐酒館 #信義區餐酒館
#酒吧 #台北酒吧 #信義區酒吧
#台北美食 #信義區美食
#食記 #相機先食 #手機先食
──────────────────── | 杯具與環境非常舒服，酸甜感舒服宜人，香氣到口感到口味與整杯酒喝完的時間節奏都很剛好 | 給一星都嫌太高，半夜三四點仍然大聲喧嘩，嚴重影響住戶安寧，走廊一堆煙蒂，造成環境髒亂 | 凌晨三點，十幾人在騎樓大聲吵鬧
你們酒吧都不管一下嗎？樓上都是住户耶😊 … | 每到假日騎樓外站一堆人，然後吵到不行
請問店家不知道附近是很多住宅嗎？
完全沒顧及過居民的感受耶😄
大家都不用睡覺了是不是😉
真的好棒👍🏻完全將沒品德發揮得淋漓盡致👍🏻 | 台北又多一個可以跟朋友聚會的地方~
除了小酌之外還有好吃的餐點，重點是店員都超帥!眼睛也不會餓到~推爆啦!只能說escape全方位照料你的需求，老闆有球必硬^_^想跟他喝酒也可以吶~~ | 酒很有水準，氣氛跟bartender 都是一時之選、大！推！ | 老闆人超nice～～～
調酒好喝 🩵
大推推喲！！！！！！！！ | 調酒好喝 店員人都很nice | 老闆們都超耐斯！！有型又好聊！！還可以慶生😍😍😍😍👍"
Twilight 餐酒館｜大安區酒吧｜信義安和酒吧｜,https://www.google.com/maps/place/Twilight+%E9%A4%90%E9%85%92%E9%A4%A8%EF%BD%9C%E5%A4%A7%E5%AE%89%E5%8D%80%E9%85%92%E5%90%A7%EF%BD%9C%E4%BF%A1%E7%BE%A9%E5%AE%89%E5%92%8C%E9%85%92%E5%90%A7%EF%BD%9C/data=!4m7!3m6!1s0x3442ab7644678811:0x184a2c94c472e80e!8m2!3d25.0329995!4d121.555005!16s%2Fg%2F11vkl47ps9!19sChIJEYhnRHarQjQRDuhyxJQsShg?authuser=0&hl=zh-TW&rclk=1,"餐廳位置不多，主要為高腳椅區及一般桌型，這次預約二位，分配高腳椅區，位置不太舒適，所以待沒多久用餐完畢就離開了。餐點若是參考份量，覺得稍微價高，但上菜速度滿快，這點倒是滿好的。 | 剛好遇到萬聖節🎃店裡都有裝扮
這間食物不錯 我覺得份量也夠
酒的部份蠻推煙花🎆有我愛的rum+紫蘇+梅酒🥂
只可惜只有限時兩個小時🥹🥹🥹還有高腳椅蠻不好坐的…..
不過還是可以回訪👍🏻👍🏻👍🏻 | 🔍IG：jiabaobao_foodie

捷運紅線信義安和站4號出口出來直走2分鐘

微昏暗的燈光很有情調 整體氛圍很舒服
下班與朋友小聚、小酌或是約會都好適合 ⸜♡⸝‍

等待餐點的時候竟然還有開胃飲品可以享用
當天提供的是抹茶優格～很好喝🍵✨

૭ 鱈魚塔塔迷你割包 $𝟯𝟮𝟬
૭ 鱸魚佐蒜辣檸檬油醋 $𝟯𝟴𝟬
૭ 羅勒蒜香蘑菇雞 $𝟯𝟴𝟬
૭ 自製蒜辣XO醬干貝蟹肉義大利麵 $𝟰𝟮𝟬
૭ 羅勒鮮蝦奶油燉飯 $𝟰𝟲𝟬

不論是前菜或是主食都無雷 我私心最推薦干貝義大利麵🍝
辣度很夠勁又夠味 麵體偏硬咬起來很有口感
大顆干貝熟度恰到好處 配上蟹肉和些許蔬菜 又涮嘴又好吃

鱈魚塔塔割包的塔塔醬也很香🥺
不知道大家有沒有吃過摩斯的鱈魚堡
那個香氣真的一模一樣阿我真的超愛的
鱸魚的外皮煎至酥香脆 魚肉軟嫩
搭配蒜辣洋蔥再擠上檸檬很清爽🍋

喜歡燉飯帶有米心感的 Twilight家的燉飯你會很喜歡🫶🏻
這次吃的青醬口味 調味上偏淡雅一些 五隻剝好的蝦子很加分蘑菇雞的調味超下飯
去骨雞腿肉整個吸飽飽醬汁非常入味 .ᐟ.ᐟ

૭ 煙花 $𝟰𝟬𝟬
紫蘇｜梅酒｜蘭姆酒
૭ 歲月靜好 $𝟯𝟴𝟬
伯爵茶｜桃子｜葡萄柚
૭ 春日圓舞曲 $𝟯𝟲𝟬
烏龍茶｜柚子｜紅心芭樂

想要來杯浮誇的調酒就點一杯煙花吧💥
紫蘇的香氣非常鮮明、濃烈
春日圓舞曲是紅心芭樂搭配烏龍茶 果香與茶香的融合
芭樂香氣很足 不會有奇怪的香精味🥺
歲月靜好以伯爵茶入酒 喝起來有水果茶的感覺
喜歡茶酒的可以試試看這杯
三杯調酒酒感都中偏輕 喝起來順口～

🔺平日低消 $𝟲𝟬𝟬/人
🔺假日低消 $𝟴𝟬𝟬/人 (12歲以下孩童不需低消） | 本想衝著調酒喝到飽的方案奔去，可惜9月底活動已經結束，只試喝了5杯調酒，每個酒名酒語都洽如其份，例如酒名煙花，燦爛一剎那，可惜無法嚐遍每一杯…… | 這家餐酒館是約會的絕佳選擇👍環境優雅浪漫，燈光柔和，音樂輕柔，營造出溫馨愉悅的氛圍。菜品美味精緻，搭配的紅酒也非常出色，讓每一口都充滿了驚喜與滿足。服務人員親切且專業，讓整個用餐過程更加愉快。這裡的每一個細節都展現出對顧客的關懷和用心，非常適合情侶來這裡享受美好的晚餐和彼此的陪伴。強烈推薦給想要度過一個難忘約會夜晚的朋友們❤️❤️❤️ | 調酒偏甜，要$990喝到飽菜單需要另外跟店員要；餐點中等以上，上菜非常快，兩個小時需離開。老闆很客氣請了壽星喝shot。 | 整個空間以大面積的白色為主，燈光溫暖如日出的光線，營造出舒適的用餐氛圍。店內有座位區、吧台和高腳區，高腳區的桌面較小，稍顯擁擠，因此建議先點一些餐點，等食用完再加點，店內位置有限，建議提前訂位。整體環境給人高品質感，餐點的部分也相當的精緻及美味，非常適合朋友聚會慶生～ | 店內氣氛很好，是個適合下班跟好友聊天的地方！店內人員都很親切，如果有事先訂位，桌上會有一張小卡，很可愛～
調酒的部分雖然很漂亮，不過味道普普，餐點的部分推薦烘蛋。 | 第一次來餐酒館比較難比較，低消800，餐點還不錯，松阪豬燉飯米芯煮的比較硬，酒的話我點BREEZE，帶有仙楂的香氣，朋友的整杯草莓粉很好拍，這次喝到的每杯酒 酒感都偏重，或是單純我太少喝哈哈。店內氛圍感很高級 剛進來會有迎賓果醋 離場前還有 shot杯 算是蠻特別的體驗 | 氛圍營造的超棒！
是個很讓人放鬆的地方，
適合好友談心、慶生、小酌
是個色、香、味俱全的地方❤️
超推薦奧羅拉這杯酒
好看又好喝！
隨著特製冰塊的融化
每一個時間都可以感受到不一樣的感覺！
附上的小卡帶有香味，
聞了可以讓心情放鬆一整晚🥰
食物也好吃！看起來份量不多，
但是我們兩個超級飽🤣"
安慰劑 Placebo Taipei,https://www.google.com/maps/place/%E5%AE%89%E6%85%B0%E5%8A%91+Placebo+Taipei/data=!4m7!3m6!1s0x3442abcaf14d1a35:0xca59c4fe8574e876!8m2!3d25.0300709!4d121.5579706!16s%2Fg%2F11crydqv8w!19sChIJNRpN8cqrQjQRduh0hf7EWco?authuser=0&hl=zh-TW&rclk=1,
MQ - Marquee Taipei,https://www.google.com/maps/place/MQ+-+Marquee+Taipei/data=!4m7!3m6!1s0x3442abb688a5e54d:0xf0f83d6abd6367f0!8m2!3d25.0325115!4d121.5631925!16s%2Fg%2F1vm784gw!19sChIJTeWliLarQjQR8GdjvWo9-PA?authuser=0&hl=zh-TW&rclk=1,
attic trade company,https://www.google.com/maps/place/attic+trade+company/data=!4m7!3m6!1s0x3442ab4cf4ffbfff:0x794a71dabaee4abe!8m2!3d25.032209!4d121.5589464!16s%2Fg%2F11f4z57r9l!19sChIJ_7__9EyrQjQRvkruutpxSnk?authuser=0&hl=zh-TW&rclk=1,
XD－Bar,https://www.google.com/maps/place/XD%EF%BC%8DBar/data=!4m7!3m6!1s0x3442abd0f3924f69:0x6ba4451d9b787688!8m2!3d25.0406227!4d121.5654586!16s%2Fg%2F11srgxxylq!19sChIJaU-S89CrQjQRiHZ4mx1FpGs?authuser=0&hl=zh-TW&rclk=1,
attic trade company·開啟過的連結,https://www.google.com/maps/place/attic+trade+company/data=!4m7!3m6!1s0x3442ab4cf4ffbfff:0x794a71dabaee4abe!8m2!3d25.032209!4d121.5589464!16s%2Fg%2F11f4z57r9l!19sChIJ_7__9EyrQjQRvkruutpxSnk?authuser=0&hl=zh-TW&rclk=1,
Charlie's Sports Bar Taipei,https://www.google.com/maps/place/Charlie%27s+Sports+Bar+Taipei/data=!4m7!3m6!1s0x3442ab1306dcc51d:0xa9403487161b4340!8m2!3d25.0262258!4d121.5548872!16s%2Fg%2F11ghq92r0c!19sChIJHcXcBhOrQjQRQEMbFoc0QKk?authuser=0&hl=zh-TW&rclk=1,"很適合看運動賽事的酒吧，餐點也滿多
建議提早訂位
轉播比賽都有聲音，店裡不會開音樂，這點很棒 | 氣氛超好 非常適合聚在一起看球賽的地方，酒單品項也都蠻好喝的，店內有charge spot借電站也不用擔心手機沒電的問題
大推！！ | 原本看人不多所以有點害怕，但應該是因為近期沒什麼運動賽事的緣故
覺得這家算是寶藏酒吧，調酒很好喝！隨意點的幾杯屬於清爽系調酒但又不會酒感不足，人少的好處就是有種包場的爽感😍 … | 食物好吃！環境也很讚！！ | 食物划算實惠，最常點炸物拼盤組合，調酒可以客製化調整👍🏼👍🏼
這次比賽是店內自辦的首屆電競比賽 | 調酒也很好喝的運動酒吧!聽說有比賽的時候會非常爆滿，但我們剛好是在一個沒有比賽的周五晚上去店裡非常空曠安靜。點的調酒其實都意外的很有層次跟水準，比起一般的運動酒吧的酒好太多了!!!會是個續攤跟隨時想walk 調酒也很好喝的運動酒吧!聽說有比賽的時候會非常爆滿，但我們剛好是在一個沒有比賽的周五晚上去店裡非常空曠安靜。點的調酒其實都意外的很有層次跟水準，比起一般的運動酒吧的酒好太多了!!!會是個續攤跟隨時想walk in的好選擇!! 一定會再訪!! | 這家酒吧的大部分客人好像都是為了去看球賽轉播，如果是想感受球賽氣氛可以來，但如果是想要喝好喝的酒，就相對沒有那麼推薦，因為我們點了四杯酒，喝起來都普普通通，炸物還比較好吃。 | 昨天是為了看溫網四強而去的，第一次來，本來也想試試吃的，但因為感冒了實在沒什麼胃口，所以就點了一瓶不冰的啤酒。老闆人很好，知道我不舒服，就請服務人員裝一杯溫水給我，後來服務人員也一直幫我裝溫水，讓我減緩喉嚨痛的不適感，非常感謝他們。

老闆本身也是球迷，很會帶動氣氛，看球的氣氛很好，環境也很棒，有半獨立包廂也有吧台和桌子的位置，螢幕很多不怕座位角度偏看不到球賽，播放各式球賽，除了啤酒還有調酒，啤酒的價格很平價，是適合看球賽的好地方！ | 歐洲杯冠軍賽之夜！現場大螢幕看球賽真的過癮，氣氛非常的棒！餐點價格稍微貴了些，炸牡蠣很好吃 | 新的調酒菜單很好喝！沒想到在運動酒吧也可以喝到如此有水準的調酒～食物也好吃，氣氛又好，很適合下班之後跟朋友小酌一杯、輕鬆聊天的地方～很推～"
Sandalwood Taipei,https://www.google.com/maps/place/Sandalwood+Taipei/data=!4m7!3m6!1s0x3442abcd17b2dcb5:0xa74989c4e5e88d96!8m2!3d25.0287221!4d121.5571926!16s%2Fg%2F11sh29vx6r!19sChIJtdyyF82rQjQRlo3o5cSJSac?authuser=0&hl=zh-TW&rclk=1,
BAR HINOKI,https://www.google.com/maps/place/BAR+HINOKI/data=!4m7!3m6!1s0x3442abeb1e329b8f:0xb00cceaa37a8bb6e!8m2!3d25.027834!4d121.55681!16s%2Fg%2F11twhsy2c2!19sChIJj5syHuurQjQRbruoN6rODLA?authuser=0&hl=zh-TW&rclk=1,
Ounce,https://www.google.com/maps/place/Ounce/data=!4m7!3m6!1s0x3442abcd1fbd2c2f:0xeb1fe4b16f0cf9ac!8m2!3d25.0332737!4d121.5558604!16s%2Fg%2F11b7cmjknq!19sChIJLyy9H82rQjQRrPkMb7HkH-s?authuser=0&hl=zh-TW&rclk=1,
如夢 ｜嘻哈酒吧｜KTV吧檯｜小米酒調酒,https://www.google.com/maps/place/%E5%A6%82%E5%A4%A2+%EF%BD%9C%E5%98%BB%E5%93%88%E9%85%92%E5%90%A7%EF%BD%9CKTV%E5%90%A7%E6%AA%AF%EF%BD%9C%E5%B0%8F%E7%B1%B3%E9%85%92%E8%AA%BF%E9%85%92/data=!4m7!3m6!1s0x3442ab5b5c25ee31:0x6cfee7c13f62b3dd!8m2!3d25.0306483!4d121.5576085!16s%2Fg%2F11tw_9dvg9!19sChIJMe4lXFurQjQR3bNiP8Hn_mw?authuser=0&hl=zh-TW&rclk=1,"氣氛好好的酒吧，菜單上的每一種酒都有試著點一杯，每一杯都很好喝，沒有雷的！！！！重點是！！老闆人超好的！！！！！！炸物拼盤材料不夠，還請我們吃薯條，大推！！！！！一定會再來٩(˃̶͈̀௰˂̶͈́)و | 非常好玩ദ്ദി˶ｰ̀֊ｰ́ )老闆很nice還會帶著玩喝酒遊戲，shot給的超級大方，氣氛很好的地方！ | 第一次去 就被老闆搞得不要不要的 超好笑
氣氛真的很好 是個好玩又舒壓的好地方
每個禮拜都一定要報到一次才行啦
還有！小米酒必喝！！！！ | 小米酒特調很好喝 吧台還可以唱歌蠻不錯的 而且坐吧台的客人唱歌超好聽😍 | 空間不大，主要是現場RAP演唱。不需要買門票只需要點一杯飲料大約$250。 | 東區清新的小酒吧，提供精釀啤酒和簡單調酒。價格合理，非常適合朋友小聚和活動包場。 | 老闆很帥，小米酒濃醇香，酒都很好喝嘿嘿 | 超讚超好玩 可以唱歌 小米酒超好喝😍😍 | 音樂讚讚🎵
啤酒讚讚🍺
價格很佛😇
值得造訪的好吧😎 … | 超讚的地方，樓上樓下都可以唱歌，ktv沒有的饒舌歌都可以唱，店長帶遊戲都超好玩沒玩過的 | 記憶很模糊
但好像很快樂 … | 平日可以在吧檯唱歌，每週還幾乎都有派對可以來參加，大推 | 精釀啤酒都是在台灣沒看過的品項，極推蘋果口味的超讚也超划算，酒精也夠，適合20-30歲的人去 | 態度超好 而且酒都超好喝 大推小米酒！！必點 | 小米酒純飲超推！ 價格實惠，產品有特色，聽店員說之後還有全店塗鴉視覺，很讚的店家，信義區蠻佛的 | 喜歡特調用歌曲取名，並且裝飾物的果乾也蠻好吃的，剛開始營業的感覺，客人還不多，難得的秘密去處 | 小米酒是老闆自己從台中親自帶回來的，米香很香酒本身也很順口～很推薦喔 | 因為派對活動才認識這家店，蠻用心做推廣的，難得的嘻哈主題酒吧，價位也合理 | 服務員是帥哥，但有女朋友了好可惜😣，酒好喝！音樂好聽！大家人都很好！有機會會回訪～有回到家的感覺😍🫶🤩 … | 信義區新的嘻哈主題小酒吧，時常有DJ來放歌也有固定派對活動，很新奇，蠻推薦的"
榕 RON Xinyi,https://www.google.com/maps/place/%E6%A6%95+RON+Xinyi/data=!4m7!3m6!1s0x3442abca10c6d60d:0x7d87ed75a31f0ad3!8m2!3d25.03222!4d121.5589026!16s%2Fg%2F11f10dzn2f!19sChIJDdbGEMqrQjQR0wofo3Xth30?authuser=0&hl=zh-TW&rclk=1
榕 RON Xinyi,https://www.google.com/maps/place/%E6%A6%95+RON+Xinyi/data=!4m7!3m6!1s0x3442abca10c6d60d:0x7d87ed75a31f0ad3!8m2!3d25.03222!4d121.5589026!16s%2Fg%2F11f10dzn2f!19sChIJDdbGEMqrQjQR0wofo3Xth30?authuser=0&hl=zh-TW&rclk=1
榕 RON Xinyi·開啟過的連結,https://www.google.com/maps/place/%E6%A6%95+RON+Xinyi/data=!4m7!3m6!1s0x3442abca10c6d60d:0x7d87ed75a31f0ad3!8m2!3d25.03222!4d121.5589026!16s%2Fg%2F11f10dzn2f!19sChIJDdbGEMqrQjQR0wofo3Xth30?authuser=0&hl=zh-TW&rclk=1
榕 RON Xinyi,https://www.google.com/maps/place/%E6%A6%95+RON+Xinyi/data=!4m7!3m6!1s0x3442abca10c6d60d:0x7d87ed75a31f0ad3!8m2!3d25.03222!4d121.5589026!16s%2Fg%2F11f10dzn2f!19sChIJDdbGEMqrQjQR0wofo3Xth30?authuser=0&hl=zh-TW&rclk=1
榕 RON Xinyi·開啟過的連結,https://www.google.com/maps/place/%E6%A6%95+RON+Xinyi/data=!4m7!3m6!1s0x3442abca10c6d60d:0x7d87ed75a31f0ad3!8m2!3d25.03222!4d121.5589026!16s%2Fg%2F11f10dzn2f!19sChIJDdbGEMqrQjQR0wofo3Xth30?authuser=0&hl=zh-TW&rclk=1
來吧台北日式餐酒館-酒吧調酒暢飲 taipeibar 約會餐廳 必訪信義區酒吧 PTT Dcard 台北酒吧 台北餐酒館 taipeifood 國父紀念館酒吧 國父紀念館餐酒館 大安酒吧 信義區餐酒館 信義區暢飲,https://www.google.com/maps/place/%E4%BE%86%E5%90%A7%E5%8F%B0%E5%8C%97%E6%97%A5%E5%BC%8F%E9%A4%90%E9%85%92%E9%A4%A8-%E9%85%92%E5%90%A7%E8%AA%BF%E9%85%92%E6%9A%A2%E9%A3%B2+taipeibar+%E7%B4%84%E6%9C%83%E9%A4%90%E5%BB%B3+%E5%BF%85%E8%A8%AA%E4%BF%A1%E7%BE%A9%E5%8D%80%E9%85%92%E5%90%A7+PTT+Dcard+%E5%8F%B0%E5%8C%97%E9%85%92%E5%90%A7+%E5%8F%B0%E5%8C%97%E9%A4%90%E9%85%92%E9%A4%A8+taipeifood+%E5%9C%8B%E7%88%B6%E7%B4%80%E5%BF%B5%E9%A4%A8%E9%85%92%E5%90%A7+%E5%9C%8B%E7%88%B6%E7%B4%80%E5%BF%B5%E9%A4%A8%E9%A4%90%E9%85%92%E9%A4%A8+%E5%A4%A7%E5%AE%89%E9%85%92%E5%90%A7+%E4%BF%A1%E7%BE%A9%E5%8D%80%E9%A4%90%E9%85%92%E9%A4%A8+%E4%BF%A1%E7%BE%A9%E5%8D%80%E6%9A%A2%E9%A3%B2/data=!4m7!3m6!1s0x3442abc8427f83f9:0xccfd27fe730ad56d!8m2!3d25.0371557!4d121.5579345!16s%2Fg%2F11dfjy7p66!19sChIJ-YN_QsirQjQRbdUKc_4n_cw?authuser=0&hl=zh-TW&rclk=1
榕 RON Xinyi,https://www.google.com/maps/place/%E6%A6%95+RON+Xinyi/data=!4m7!3m6!1s0x3442abca10c6d60d:0x7d87ed75a31f0ad3!8m2!3d25.03222!4d121.5589026!16s%2Fg%2F11f10dzn2f!19sChIJDdbGEMqrQjQR0wofo3Xth30?authuser=0&hl=zh-TW&rclk=1
榕 RON Xinyi·開啟過的連結,https://www.google.com/maps/place/%E6%A6%95+RON+Xinyi/data=!4m7!3m6!1s0x3442abca10c6d60d:0x7d87ed75a31f0ad3!8m2!3d25.03222!4d121.5589026!16s%2Fg%2F11f10dzn2f!19sChIJDdbGEMqrQjQR0wofo3Xth30?authuser=0&hl=zh-TW&rclk=1
來吧台北日式餐酒館-酒吧調酒暢飲 taipeibar 約會餐廳 必訪信義區酒吧 PTT Dcard 台北酒吧 台北餐酒館 taipeifood 國父紀念館酒吧 國父紀念館餐酒館 大安酒吧 信義區餐酒館 信義區暢飲,https://www.google.com/maps/place/%E4%BE%86%E5%90%A7%E5%8F%B0%E5%8C%97%E6%97%A5%E5%BC%8F%E9%A4%90%E9%85%92%E9%A4%A8-%E9%85%92%E5%90%A7%E8%AA%BF%E9%85%92%E6%9A%A2%E9%A3%B2+taipeibar+%E7%B4%84%E6%9C%83%E9%A4%90%E5%BB%B3+%E5%BF%85%E8%A8%AA%E4%BF%A1%E7%BE%A9%E5%8D%80%E9%85%92%E5%90%A7+PTT+Dcard+%E5%8F%B0%E5%8C%97%E9%85%92%E5%90%A7+%E5%8F%B0%E5%8C%97%E9%A4%90%E9%85%92%E9%A4%A8+taipeifood+%E5%9C%8B%E7%88%B6%E7%B4%80%E5%BF%B5%E9%A4%A8%E9%85%92%E5%90%A7+%E5%9C%8B%E7%88%B6%E7%B4%80%E5%BF%B5%E9%A4%A8%E9%A4%90%E9%85%92%E9%A4%A8+%E5%A4%A7%E5%AE%89%E9%85%92%E5%90%A7+%E4%BF%A1%E7%BE%A9%E5%8D%80%E9%A4%90%E9%85%92%E9%A4%A8+%E4%BF%A1%E7%BE%A9%E5%8D%80%E6%9A%A2%E9%A3%B2/data=!4m7!3m6!1s0x3442abc8427f83f9:0xccfd27fe730ad56d!8m2!3d25.0371557!4d121.5579345!16s%2Fg%2F11dfjy7p66!19sChIJ-YN_QsirQjQRbdUKc_4n_cw?authuser=0&hl=zh-TW&rclk=1
來吧台北日式餐酒館-酒吧調酒暢飲 taipeibar 約會餐廳 必訪信義區酒吧 PTT Dcard 台北酒吧 台北餐酒館 taipeifood 國父紀念館酒吧 國父紀念館餐酒館 大安酒吧 信義區餐酒館 信義區暢飲·開啟過的連結,https://www.google.com/maps/place/%E4%BE%86%E5%90%A7%E5%8F%B0%E5%8C%97%E6%97%A5%E5%BC%8F%E9%A4%90%E9%85%92%E9%A4%A8-%E9%85%92%E5%90%A7%E8%AA%BF%E9%85%92%E6%9A%A2%E9%A3%B2+taipeibar+%E7%B4%84%E6%9C%83%E9%A4%90%E5%BB%B3+%E5%BF%85%E8%A8%AA%E4%BF%A1%E7%BE%A9%E5%8D%80%E9%85%92%E5%90%A7+PTT+Dcard+%E5%8F%B0%E5%8C%97%E9%85%92%E5%90%A7+%E5%8F%B0%E5%8C%97%E9%A4%90%E9%85%92%E9%A4%A8+taipeifood+%E5%9C%8B%E7%88%B6%E7%B4%80%E5%BF%B5%E9%A4%A8%E9%85%92%E5%90%A7+%E5%9C%8B%E7%88%B6%E7%B4%80%E5%BF%B5%E9%A4%A8%E9%A4%90%E9%85%92%E9%A4%A8+%E5%A4%A7%E5%AE%89%E9%85%92%E5%90%A7+%E4%BF%A1%E7%BE%A9%E5%8D%80%E9%A4%90%E9%85%92%E9%A4%A8+%E4%BF%A1%E7%BE%A9%E5%8D%80%E6%9A%A2%E9%A3%B2/data=!4m7!3m6!1s0x3442abc8427f83f9:0xccfd27fe730ad56d!8m2!3d25.0371557!4d121.5579345!16s%2Fg%2F11dfjy7p66!19sChIJ-YN_QsirQjQRbdUKc_4n_cw?authuser=0&hl=zh-TW&rclk=1
榕 RON Xinyi,https://www.google.com/maps/place/%E6%A6%95+RON+Xinyi/data=!4m7!3m6!1s0x3442abca10c6d60d:0x7d87ed75a31f0ad3!8m2!3d25.03222!4d121.5589026!16s%2Fg%2F11f10dzn2f!19sChIJDdbGEMqrQjQR0wofo3Xth30?authuser=0&hl=zh-TW&rclk=1
榕 RON Xinyi·開啟過的連結,https://www.google.com/maps/place/%E6%A6%95+RON+Xinyi/data=!4m7!3m6!1s0x3442abca10c6d60d:0x7d87ed75a31f0ad3!8m2!3d25.03222!4d121.5589026!16s%2Fg%2F11f10dzn2f!19sChIJDdbGEMqrQjQR0wofo3Xth30?authuser=0&hl=zh-TW&rclk=1
來吧台北日式餐酒館-酒吧調酒暢飲 taipeibar 約會餐廳 必訪信義區酒吧 PTT Dcard 台北酒吧 台北餐酒館 taipeifood 國父紀念館酒吧 國父紀念館餐酒館 大安酒吧 信義區餐酒館 信義區暢飲,https://www.google.com/maps/place/%E4%BE%86%E5%90%A7%E5%8F%B0%E5%8C%97%E6%97%A5%E5%BC%8F%E9%A4%90%E9%85%92%E9%A4%A8-%E9%85%92%E5%90%A7%E8%AA%BF%E9%85%92%E6%9A%A2%E9%A3%B2+taipeibar+%E7%B4%84%E6%9C%83%E9%A4%90%E5%BB%B3+%E5%BF%85%E8%A8%AA%E4%BF%A1%E7%BE%A9%E5%8D%80%E9%85%92%E5%90%A7+PTT+Dcard+%E5%8F%B0%E5%8C%97%E9%85%92%E5%90%A7+%E5%8F%B0%E5%8C%97%E9%A4%90%E9%85%92%E9%A4%A8+taipeifood+%E5%9C%8B%E7%88%B6%E7%B4%80%E5%BF%B5%E9%A4%A8%E9%85%92%E5%90%A7+%E5%9C%8B%E7%88%B6%E7%B4%80%E5%BF%B5%E9%A4%A8%E9%A4%90%E9%85%92%E9%A4%A8+%E5%A4%A7%E5%AE%89%E9%85%92%E5%90%A7+%E4%BF%A1%E7%BE%A9%E5%8D%80%E9%A4%90%E9%85%92%E9%A4%A8+%E4%BF%A1%E7%BE%A9%E5%8D%80%E6%9A%A2%E9%A3%B2/data=!4m7!3m6!1s0x3442abc8427f83f9:0xccfd27fe730ad56d!8m2!3d25.0371557!4d121.5579345!16s%2Fg%2F11dfjy7p66!19sChIJ-YN_QsirQjQRbdUKc_4n_cw?authuser=0&hl=zh-TW&rclk=1
來吧台北日式餐酒館-酒吧調酒暢飲 taipeibar 約會餐廳 必訪信義區酒吧 PTT Dcard 台北酒吧 台北餐酒館 taipeifood 國父紀念館酒吧 國父紀念館餐酒館 大安酒吧 信義區餐酒館 信義區暢飲·開啟過的連結,https://www.google.com/maps/place/%E4%BE%86%E5%90%A7%E5%8F%B0%E5%8C%97%E6%97%A5%E5%BC%8F%E9%A4%90%E9%85%92%E9%A4%A8-%E9%85%92%E5%90%A7%E8%AA%BF%E9%85%92%E6%9A%A2%E9%A3%B2+taipeibar+%E7%B4%84%E6%9C%83%E9%A4%90%E5%BB%B3+%E5%BF%85%E8%A8%AA%E4%BF%A1%E7%BE%A9%E5%8D%80%E9%85%92%E5%90%A7+PTT+Dcard+%E5%8F%B0%E5%8C%97%E9%85%92%E5%90%A7+%E5%8F%B0%E5%8C%97%E9%A4%90%E9%85%92%E9%A4%A8+taipeifood+%E5%9C%8B%E7%88%B6%E7%B4%80%E5%BF%B5%E9%A4%A8%E9%85%92%E5%90%A7+%E5%9C%8B%E7%88%B6%E7%B4%80%E5%BF%B5%E9%A4%A8%E9%A4%90%E9%85%92%E9%A4%A8+%E5%A4%A7%E5%AE%89%E9%85%92%E5%90%A7+%E4%BF%A1%E7%BE%A9%E5%8D%80%E9%A4%90%E9%85%92%E9%A4%A8+%E4%BF%A1%E7%BE%A9%E5%8D%80%E6%9A%A2%E9%A3%B2/data=!4m7!3m6!1s0x3442abc8427f83f9:0xccfd27fe730ad56d!8m2!3d25.0371557!4d121.5579345!16s%2Fg%2F11dfjy7p66!19sChIJ-YN_QsirQjQRbdUKc_4n_cw?authuser=0&hl=zh-TW&rclk=1
