Original,EN
"æœå‹™äººå“¡å¾ˆç†±èª 
å¾ä½ é€²é–€çš„æ™‚å€™å°±æœƒä¾†å¼•å°å®¢äººå…¥åº§ä¸¦é»é¤
è©¢å•é¤é»å…§å®¹ä¹Ÿæœƒè©³ç´°ä»‹ç´¹
é¤é»åƒ¹ä½å¹³æ˜“è¿‘äºº
ä½†å¾ˆç¾å‘³
ç•¶å¤©éº»ç…©èª¿é…’å¸«å¹«æˆ‘â€œç‰¹èª¿â€
çœŸçš„å¾ˆæ£’ï¼
ï¼ˆé¤é»éƒ¨åˆ†å› è£½ä½œæ™‚é–“æœƒä¹…ä¸€é»é»ï¼Œå»ºè­°å…ˆé»åƒçš„å†æ…¢æ…¢çœ‹æƒ³å–ä»€éº¼å–”ï¼ï¼‰

å³ä½¿æ²’æœ‰è¦å°é…Œ
ä¹Ÿå¯ä»¥å…¥å…§ç”¨é¤çš„
æœ‰ç„¡é…’ç²¾çš„é£²å“","The service staff is very enthusiastic
When you enter the door, you will guide the guests to seat and order
Ask the content of the meal, the content will be introduced in detail
The price of meals is approachable
But it's delicious
Trouble the bartender to help me ""special"" that day
It's great!
(The meal part will be a little longer because the production time will be a little longer.

Even if you don't have to drink
You can also eat in the meal
Whether alcoholic drinks"
"é›™äººå¥—é¤ï¼š699$
ç‚’é£¯ä¸‰é¸ä¸€/åŸ¹æ ¹ç‚’é«˜éº—èœ/å¿«ç‚’ä»»é¸ä¸€/ä¸²ç‡’é¸äºŒ
èª¿é…’ï¼šgrape 230$
ç‚’é£¯ç±³ç²’ç²’ç²’åˆ†æ˜ã€æ²¹é¦™è›‹é¦™æŒæ¡å¾—å¾ˆå¥½ï¼›é›é¬§è±†è…å°è¾£ï¼ˆè¾£åº¦å¯ä»¥èª¿æ•´ï¼‰é›è…¿è‚‰å¾ˆå«©ã€è›‹èŠ±æ»‘å«©èª¿å‘³é‡ï¼Œå¥½åƒä¸‹é£¯ã€æ¿€æ¨ï¼
æ•´é«”ä¾†èªªåƒ¹æ ¼ä¸­ç­‰ï¼Œå€¼å¾—ä¸€è¨ªã€‚","Double package: 699 $
Select one three of fried rice/bacon fried Korean vegetables/fast stir -fry to choose one/skewers to choose two
Bartending: Grape 230 $
The rice grains of fried rice are clear, and the oily egg fragrance is well mastered; the chicken tofu is small (spicy can be adjusted) the chicken legs are very tender, the egg flowers are smooth and delicious, and the delicious rice is delicious!
Overall the price is medium, it is worth visiting."
"æ”¿å¤§é™„è¿‘è¿‘ä¸€å€‹æœˆå…§æ–°é–‹çš„é¤é…’é¤¨ã€‚åˆ°è¨ªçš„é€™å¤©ä¸­åˆåƒå¾—ä¸å¤šï¼Œæ‰€ä»¥æ™šé¤æ™‚é–“è¶…é¤“ï¼Œç”¨é¤äººå…¥6ä½ï¼Œå‰›å¥½å¯ä»¥æŠŠèœå–®ä¸Šæ¨è–¦çš„é …ç›®éƒ½å¤§æ¦‚é»ä¸€ä¸‹ï¼Œä¹Ÿé †ä¾¿å¯«ä¸‹ç•¶å¤©çš„ç”¨é¤é«”é©—ã€‚

ğŸ”¸æœå‹™
æœå‹™ç”Ÿä¸€é–‹å§‹éä¸Šèœå–®ï¼Œé¦–å…ˆèœå–®çš„é€™å€‹æè³ªå¾ˆå®¹æ˜“åå…‰ï¼Œé…ä¸Šé€™å€‹åº•è‰²å’Œå­—çš„é¡è‰²ï¼Œçœ‹å¾—æœ‰é»è¾›è‹¦ã€‚é»é¤è¦è‡ªå·±å¯«åœ¨ä¾¿æ¢ç´™ä¸Šï¼Œä¾¿æ¢ç´™ä¹Ÿæ˜¯æ·±è‰²ï¼Œæ­ä¸Šè—è‰²åŸå­ç­†ï¼Œçœ¼ç›æœƒæœ‰è„«çª—æ„Ÿã€‚
æœå‹™ç”Ÿæ„Ÿè¦ºæ˜¯æœƒå’Œå®¢äººç©é¬§çš„é‚£ç¨®ï¼Œåƒæ˜¯æˆ‘å€‘è¦ºå¾—å¾ˆç†±è«‹ä»–é–‹ä¸€ä¸‹åº§ä½ä¸Šæ–¹çš„å†·æ°£ï¼Œä»–å°±èªªè¦æˆ‘å€‘è‡ªå·±æƒ³è¾¦æ³•(å…§å¿ƒå……æ»¿å•è™Ÿ)ã€‚å¾Œä¾†å†·æ°£ç›´å¹å¤ªå†·ï¼Œä»–æ‹¿é›¨å‚˜çµ¦æˆ‘å€‘æ©‹æ“ºè‘‰ï¼Œä¹Ÿæ˜¯å¾ˆæœ‰è¶£ã€‚ä¸çŸ¥é“é€™å°å†·æ°£çš„é™æ§å™¨åˆ°åº•æ˜¯ç™¼ç”Ÿä»€éº¼äº‹ç‚ºä»€éº¼ä¸èƒ½ç”¨^_^?
ä¸Šé¤çš„éƒ¨åˆ†éå¸¸çš„æ…¢ï¼Œå› ç‚ºå¾ˆé¤“æ‰€ä»¥æŠŠé€™è£¡ç•¶å°åƒåº—åœ¨é»ï¼Œé»äº†å¤§ç´„7é“å·¦å³ï¼Œå…¨ç¨‹å¤§æ¦‚æ¯10-15åˆ†é˜æ‰æœƒä¸Šä¸€é“ï¼Œåƒå®Œä¸€ä»½é¦¬ä¸Šå°±è¦ºå¾—å¾ˆç©ºè™›ï¼Œæ‰€ä»¥å»ºè­°é‚„æ˜¯å…ˆåƒé»æ±è¥¿å¢Šå¢Šè‚šå­å†ä¾†é€™è£¡å°é…Œæœƒæ˜¯æ¯”è¼ƒå¥½çš„é¸æ“‡ã€‚

ğŸ”¹é¤é»
ç†±ç‚’çš„éƒ¨åˆ†é»äº†ä¸‰æ¯é›å’Œé›é¬§è±†è…ï¼Œå¾ˆå¥½åƒï¼Œå¾ˆé©åˆé…é£¯ï¼ˆå¯æƒœæ²’ç™½é£¯ï¼Œç‚’é£¯åˆå¾ˆæ…¢æ‰ä¸Šï¼‰ã€‚ç‚’é£¯å°±æ˜¯ä¸€èˆ¬çš„ç‚’é£¯å †æˆé‡‘å­—å¡”çš„æ¨£å­ï¼Œå°±ç•¶ä½œæ˜¯å› ç‚ºç–Šé€™æ¨£å¾ˆè€—å·¥æ‰€ä»¥å‡ºé¤æ‰å¾ˆæ…¢å¥½äº†ï½ç‚¸ç‰©å’Œä¸²ç‡’éƒ½ç®—æ­£å¸¸ç™¼æ®ï¼Œå› ç‚ºçœŸçš„ç­‰å¾—å¾ˆé¤“æ‰€ä»¥åƒä»€éº¼éƒ½è¦ºå¾—å¥½åƒã€‚
å•¤é…’è²·3é€1ï¼ˆåŒåƒ¹ä½ï¼‰ï¼Œé»é¤æ™‚å°±è¦å…ˆæ±ºå®šè¦å“ªç¨®åƒ¹ä½çš„ï¼Œç„¶å¾Œå†è‡ªå·±å»å†°ç®±æ‹¿ã€‚ç‰¹èª¿çš„è©±ï¼Œç™½è‰²ä½³äººæ„Ÿè¦ºå°±æ˜¯æª¸æª¬æ±ï¼Œé…ä¸Šæª¸æª¬çš®çš„è‹¦æ¾€æ„Ÿï¼›è¥¿ç“œç‰¹æ¢åƒæ˜¯ç¨€é‡‹éçš„è¥¿ç“œæ±ï¼›èŠ’æœç‰¹èª¿æ¯”è¼ƒæœ‰é…’çš„æ„Ÿè¦ºï¼ˆéå°ˆæ¥­ï¼Œå‹¿é­ï¼‰ã€‚

â–ªï¸ç’°å¢ƒ
ç”¨é¤åº§ä½æœ‰å§å°å€ã€å››äººæ¡Œã€å…«äººæ¡Œã€‚é€™æ¬¡æ˜¯ååœ¨é è¿‘å»æ‰€çš„å…«äººæ¡Œï¼Œé›–ç„¶æ˜¯å…«äººæ¡Œä½†æ¡Œä¸Šé¤å…·åªæœ‰å…­ä»½@@æ¡Œä¸Šå¦‚æœå¯ä»¥æä¾›å¤šä¸€é»è¡›ç”Ÿç´™å°±å¥½äº†ï¼Œä¸ç„¶ä»€éº¼éƒ½è¦å†è·Ÿæœå‹™ç”Ÿè¦æœ‰é»éº»ç…©ï½å»æ‰€å‰‡æ˜¯è »ä¹¾æ·¨çš„ï¼Œæ´—æ‰‹å°ä¸Šé‚„æœ‰æä¾›ç‰™ç·šå’Œæ¼±å£æ°´ï¼Œå¾ˆè²¼å¿ƒï½","Newly opened restaurants in the nearly one month near Zhengda University.I did nâ€™t eat much at noon on the day of the visit, so the dinner time was super hungry, and the dining people entered 6 people. It was just that the items recommended on the menu were probably clicked, and by the way, I wrote down the dining experience of the day.

ğŸ”¸ ğŸ”¸ ğŸ”¸ ğŸ”¸ ğŸ”¸ ğŸ”¸ ğŸ”¸
At the beginning, the waiter handed the menu. First of all, the material of the menu was easy to reflect. With the color of this background color and character, it was a bit hard.If you order, you should write it on your own paper. The strip paper is also dark. When put on the blue atomic pen, the eyes will have a windowing feeling.
The waiter feels the kind of playing with the guests, as if we feel that he is very hot to ask him to open the air -conditioned above the seat, he said that we want to find a way (full of question marks).Later, the air -conditioned was too cold, and he took the umbrella to the bridge leaves, which was also very interesting.I do nâ€™t know what happened to this air -conditioning remote control. Why ca nâ€™t it be used^_^?
The part of the meal is very slow, because I am hungry, so I treat it as a snack bar, or order about 7, and the whole journey will only be available every 10-15 minutes. It is recommended that you eat something first and then come here to drink it. It is a better choice.

Meal
The hot fried part ordered three cups of chicken and chicken to make tofu. It was delicious and suitable for meals (unfortunately there was no rice, and fried rice was very slow).Fried rice is the same as the pile of fried rice into pyramids. It is used as a very slow delivery because it is very worked because it is very worked. They all feel delicious.
Buy 3 get 1 (the same price) for beer. When ordering, you must first decide which price you want, and then go to the refrigerator by yourself.If you are special, the white beauty feels like lemon juice, with the bitterness of lemon peel; watermelon specialty is like diluted watermelon juice; mango special feel is more wine (non -professional, do not whip).

â–ªï¸ Environment
The dining seats are bar areas, four -person tables, and eight -person tables.This time is the eight -person table sitting near the toilet. Although it is a eight -person table, there are only six tableware on the table @@ è¿™ If you can provide a little more toilet paper, otherwise you have to be a bit troublesome to the waiter ~ The toilet is quite clean. There are also dental floss and mouthwash on the washstand, which is very intimate ~"
æ›äººç¶“ç‡Ÿå¾Œå“è³ªå°±æ˜¯ä¸€èˆ¬çš„å­¸ç”Ÿé…’å§ï¼Œç†Ÿå®¢æ°›åœå¾ˆå¼·ï¼Œç¬¬ä¸€æ¬¡å»åº—å“¡é‚„åœ¨å¤–é¢æŠ½è¸å®Œå…¨ä¸çŸ¥é“èƒ½æ‰¾èª°é»é¤ï¼Œå–å®Œé…’ä¹Ÿä¸çŸ¥é“èƒ½æ‰¾èª°çµå¸³ï¼Œæ–°å®¢ä¸å‹å–„,"After the replacement, the quality is a general student bar. The atmosphere of the mature customer is very strong. For the first time, the clerk went to smoke outside."
"Mojito (æ¢…é…’ï¼‰
é•·å³¶2ä»£ï¼ˆæ¯”è¼ƒç‰¹åˆ¥çš„å£æ„Ÿï¼‰

è¬è¬bartender æ‹›å¾…çš„shot
æ°´èœœæ¡ƒå°¾éŸ»å½·å½¿ç¶»æ”¾åœ¨å£ä¸­
æœ€å¾Œé›¢é–‹å‰çš„æŠ¹èŒ¶å¯å¯é¤…ä¹¾æœ‰é©šè‰·åˆ°ï¼
ï¼ˆå£æ„Ÿå‰›å¥½ä¸éè„†ï¼Œè»Ÿæ¿•å¾—å¾ˆå‰›å¥½ï¼ŒæŠ¹èŒ¶å¯å¯å‘³éƒ½æ¿ƒéƒï¼‰
å¤§æ¨è–¦ä¾†ï¼å°¤å…¶åå§è‡ºèƒ½è·Ÿbartender èŠèŠå¾ˆè®š","Mojito (plum wine)
Long Island 2nd generation (more special taste)

Thank you Bartender for entertaining shot
The peach tail rhyme seems to bloom in the mouth
Finally, the matcha cocoa before leaving was amazing!
(The taste is just crispy, soft and humid, and matcha taste is rich)
Recommended!Especially sitting on the bar can talk to Bartender very well"
å°å°é¤é¤¨ï¼Œä½å­ä¸å¤šï¼Œå‡ºä¹æ„å¤–çš„é¤é»å¥½åƒï¼Œç†±ç‚’æœ‰æ°´æº–ï¼Œé‡‘æ²™è±†è…å¤–é¦™è„†å…§è»Ÿå«©ç‰¹å¥½åƒï¼Œç‚’é£¯æœ‰é¼æ³°è±çš„å‘³é“ï¼›è€é—†ç†±èª ã€‚é¤å»³é–€é¢ä¸é¡¯çœ¼ï¼Œæœ‰é»â€œéš±â€ï¼ŒåŸå‰‡ä¸Šæ˜¯æ™šä¸Šç‡Ÿæ¥­ï¼Œä¸­åˆè¦å…ˆé å®šæ‰æœƒç‡Ÿæ¥­ã€‚,"There are not many small restaurants. The unexpected meals are delicious, and the hot fried is standard. The crispy and deliciousness of the golden sand tofu is delicate and delicious. The fried rice has the taste of Ding Taifeng; the boss is enthusiastic.The facade of the restaurant is not conspicuous and a bit ""hidden"". In principle, it is open at night, and it must be reserved at noon to open."
ç†±ç‚’å¾ˆå¥½åƒï¼æ¨æ¨ç‚’é£¯è·Ÿé›é¬§è±†è…ï¼èª¿é…’å¸«çš„é…’ä¹Ÿå¾ˆè®šï¼çˆ½å–shot~æœå‹™ç”Ÿä¹Ÿå¾ˆnice,Hot fried is delicious!Push fried rice and make chicken tofu!The alcoholic wine is also very good!Drink Shot ~ The waiter is also very nice
"åœ¨å¤§å­¸é™„è¿‘çš„é¤é…’é¤¨
é¤é»å“é …å¾ˆç‰¹åˆ¥åˆç¾å¼ç‚¸ç‰©ä¹Ÿæœ‰å°å¼ç†±ç‚’
å‡ºé¤æœ‰é»æ…¢ï½
è–¯æ¢å¾ˆå¥½åƒ
èµ·å¸æ¢æœ‰é»ç‚¸éé ­
å•¤é…’é‚„ä¸éŒ¯å–
ç©ºé–“æ°£æ°›ä¸éŒ¯ï½","Dining and tavern near university
The meal items are very special and American fried products also have desktop hot frying
It's a bit slow to go out ~
French fries are delicious
The cheese is a bit overwhelming
Beer is pretty good
The space atmosphere is good ~"
å­¸ç”Ÿé…’å§ï¼Œå¥½è™•æ˜¯ä¾¿å®œä¹¾æ·¨ï¼Œé£Ÿç‰©å¥½åƒï¼Œä½†èª¿é…’çš„åŸææ–™èˆ‡å†°å¡Šå“è³ªå¯èƒ½ä¸ä½³ï¼Œæ¯å£éåšä¹Ÿæ²’åšå¥½å†°æ¯ï¼Œé€ æˆå›æº«éå¿«ï¼Œé…’æ„Ÿçªå…€ã€‚,"Student bar, the advantage is cheap and clean, and the food is delicious, but the quality of the raw materials and ice cubes may not be good. The cup wall is too thick and does not make the ice cup."
"æ”¿å¤§é™„è¿‘æ–°é–‹çš„åº—
æ°£æ°›å¾ˆè®š æ•´é«”å¾ˆèˆ’é©
å¾ˆé©åˆåœ¨æ˜ŸæœŸäº”çš„æ™šä¸Šå’Œæœ‹å‹å»have fun
*ï½¥ã‚œï¾Ÿï½¥*:.ï½¡..ï½¡.:*ï½¥'(*ï¾Ÿâ–½ï¾Ÿ*)'ï½¥*:.ï½¡. .ï½¡.:*ï½¥ã‚œï¾Ÿï½¥*","Newly opened shop near Zhengda University
The atmosphere is great and comfortable as a whole
It is very suitable to go to Have Fun with friends on Friday night
*ï½¡*: .ï½¡..ï½¥ã‚œï¾Ÿï½¥.:*ï½¥ '(*ï¾Ÿ â–½ ï¾Ÿ*)' ï½¥*: .ï½¡. .ï½¡.:*ï½¥ã‚œï¾Ÿï½¥*"
èº«ç‚ºå–œæ­¡è·‘å§çš„æ”¿å¤§ç”Ÿï¼Œåœ¨æ”¿å¤§é™„è¿‘é™¤äº†Single&doubleé…’å§å¾ˆä¸éŒ¯å¤–ï¼Œéš±bistroä¹Ÿæ˜¯é–“å—æ­¡è¿åˆå„ªè³ªçš„é¤é…’é¤¨ï½,"As a big student who likes to run, in addition to the Single & Double bar near Zhengda University, Hidden Bistro is also a popular and high -quality dining tavern ~"
"é…’é¡çš„è¡¨ç¾å¾ˆå¹³ç©©ï¼Œé¤é»å‰‡åœ¨å¹³å‡æ°´æº–ä¹‹ä¸Šã€‚ä½œç‚ºé€±æœ«ä¸‹ç­å¾Œå»åƒçš„ç°¡å–®é¤é…’é¤¨é‚„ä¸éŒ¯ã€‚

é †å¸¶ä¸€ææœå‹™ç”Ÿå¾ˆç†±æƒ…ï¼Œä»‹ç´¹å¾—éå¸¸è©³ç´°ã€‚","The performance of the wine is very stable, and the meal is above the average level.It is not bad to eat a simple meal tavern as a weekend.

By the way, the waiter is very enthusiastic and the introduction is very detailed."
"åœ¨é€™è£¡å·¥ä½œé€™éº¼ä¹…ç¬¬ä¸€æ¬¡ä¾†
çœŸçš„è¶…æ£’çš„ï¼Œä¸å…‰æ˜¯æœå‹™ï¼Œé€£é¤é»è·Ÿèœè‰²éƒ½å¾ˆæ¨ï¼Œä»‹ç´¹Jason 8å¤©å¾·çµ¦å„ä½èªè­˜ä»–è¶…å¸¥æœ‰æœå‹™å¥½ã€‚æ£’æ£’çš„å„ä½é‚„ä¸ä¾†å—ï¼Ÿï¼","I came here for the first time here for the first time
It's really great, not only the service, but also the meals and dishes are pushed. The introduction of Jason 8 days Germany gives you all the good service to know him.Don't you come here yet?Intersection"
"é£Ÿç‰©å¾ˆæ£’ï¼Œç¨®é¡é¸æ“‡å¤šï¼Œä»½é‡ä¹Ÿä¸å°
ä½†é…’å°±æ¯”è¼ƒä¸€èˆ¬ï¼Œæ°´æœé¡çš„éƒ½æœ‰é»å¤ªç”œ","Food is great, there are many types of choice, and the amount is not small
But wine is relatively average, fruits are a bit too sweet"
é£Ÿç‰©ä¸éŒ¯è€Œä¸”åº—å“¡éƒ½å¾ˆå®¢æ°£ï¼Œæ•´é«”æ°£æ°›å¾ˆæ£’ï¼,"The food is good and the clerk is very polite, and the overall atmosphere is great!"
å»šå¸«è«‹æˆ‘å€‘åƒè›‹ç‚’é£¯ï¼ˆè¶…å¥½åƒï¼‰ï¼Œbartenderè«‹æˆ‘å€‘å–shots!!! è¶…éç™®,"The chef invites us to eat egg fried rice (super delicious), Bartender invites us to drink Shots !!! Excessive addiction"
è¶…å¥½åƒ å¸«å‚…ç‚’åŠŸä¸€æµ,Super delicious master fried work first
åº—å“¡è¶…Q~~~é¤é»è¶…å¥½åƒï¼Œæ–‡å±±å€æœ€å¼·bistro!!ç‚’é£¯å¥½åƒğŸ˜‹é…’å¥½å–ğŸ¥ƒ â€¦,"The clerk is super q ~~~ The meal is super delicious, the strongest bistro in Wenshan District is delicious."
"æ™šé–“6:30é€²åº—é»å®Œé¤å¾Œç­‰åˆ°è¿‘8:00åªä¾†ä¸€ç›¤ç‰›è‚‰ç‚’é£¯ï¼Œé»çš„ç‚¸ç‰©ä¸²çƒ¤åŠèª¿é…’éƒ½æœªä¸Šï¼Œè©¢å•æœå‹™ç”Ÿåªä¸€ç›´èªªç¨ç­‰å†ç¢ºèªå°±å†ç„¡å¾ŒçºŒï¼Œæ¯”æˆ‘å€‘æ™šé€²åº—çš„é¡§å®¢éƒ½å·²ç¶“åƒé£½å–è¶³ï¼Œä¸èƒ½æ¥å—é€™æ¨£çš„æœå‹™æ…‹åº¦ã€‚ç„¡è«–æ˜¯é¤é»é‚„æ˜¯èª¿é…’éƒ½éäº†å°‡è¿‘å…©å°æ™‚æ‰é€ä¾†ï¼Œæœ€å¾Œé‚„æ˜¯æœªä¸Šä¸€æ¯èª¿é…’ï¼Œè©¢å•æœå‹™ç”Ÿåªä¸€ç›´å›è¦†æ­£åœ¨åšï¼Œä½†Bartenderæ˜é¡¯åœ¨å§æª¯èŠå¤©ï¼Ÿæœ€å¾Œå¿ç„¡å¯å¿å‘ŠçŸ¥ä¸éœ€è¦äº†è«‹ç›´æ¥çµå¸³ï¼Œæœå‹™ç”Ÿé‚„èªªèª¿é…’å·²ç¶“åšäº†ï½ åæ‡‰èªªå¾è©¢å•åˆ°ç¾åœ¨å·²ç¶“è¶…éäº†10åˆ†é˜ï¼Œæœå‹™ç”Ÿé‚„èªªæ­£åœ¨è£½åšï¼Œå°±æƒ³å•ä»€éº¼ä¸€æ¯å›é ­ç‡100%å¤šé›£èª¿è£½ï¼Ÿæ•´é«”æœå‹™æ„Ÿå—å·²ç¶“å¤ å·®äº†ï¼Œé¤é»çœŸçš„ä¹Ÿä¸è¡Œï¼Œç‰›è‚‰ç‚’é£¯çš„ç‰›è‚‰éè€é£¯å¤ªæ¿•é»ï¼›ç…§ç‡’é›è…¿è‚‰ä¸€å¨é¹½å·´åœ¨è‚‰çš„å¾ŒåŠéƒ¨ï¼›å”¯ä¸€åªæœ‰è–¯æ¢åŠèµ·å¸æ¢é€™ç¨®åŸºæœ¬ç‚¸ç‰©æœ¬å°±ä¸è©²å‡ºéŒ¯äº†å§ï¼èª¿é…’å®Œå…¨æ²’æœ‰åŸºæœ¬æ°´æº–ï¼çœŸçš„è·Ÿæ°´ä¸€æ¨£ï¼Œç”šè‡³æ›´ç¨€é‡‹â‹¯ ç­‰å¾ˆä¹…å¾Œé£²åˆ°é€™æ¨£çš„é…’çœŸçš„æœƒå¾ˆç”Ÿæ°£ï¼ï¼ï¼ï¼ï¼
æœ¨æŸµæ˜¯å€‹å¾ˆå¥½çš„åœ°æ–¹ï½ ä¸è©²è¢«é€™æ¨£çš„åº—å®¶æ´—è©•è«–é¨™å–æ¶ˆè²»è€…å…¥åº—ï½ èªçœŸä¸æ¨è–¦ï¼ï¼ï¼ï¼ï¼
â€”â€”â€”â€”â€”â€”â€”â€”â€”â€”â€”â€”â€”â€”â€”â€”â€”â€”â€”â€”â€”
ç•¶å¤©æ‰€æœ‰ä¸æ„‰å¿«çš„ç”¨é¤æ„Ÿå—çš†æœ‰å³æ™‚å‘ŠçŸ¥æœå‹™å“¡ä¸¦ä¸”è©¢å•æœå‹™å“¡ï¼Œæœå‹™å“¡ç•¶ä¸‹çµ¦äºˆæˆ‘å€‘çš„å›è¦†æ˜¯å› è€é—†æ¨è¡Œæ”¿å¤§æ–°ç”Ÿå…¥åº—å³å¯å…Œæ›ä¸€æ¯å…è²»èª¿é…’ç­‰æ´»å‹•ï¼Œå› æ­¤å¿…é ˆå…ˆå‡ºçµ¦å…¥åº—å…Œæ›çš„æ–°ç”Ÿæ‰å°è‡´å‡ºé¤å»¶é²ï¼›ç•¶ä¸‹å°±æœ‰å‘æœå‹™å“¡è¡¨æ˜é€™æ¨£å°æ–¼æ­£å¸¸å…¥åº—ç”¨é¤æ¶ˆè²»çš„é¡§å®¢éå¸¸ä¸å…¬å¹³ï¼ä¸”ä¹Ÿæ˜ç¢ºå‘ŠçŸ¥æœå‹™å“¡å¾Œæ–¹ç¬¬äºŒæ¡Œæˆ‘å€‘éå¸¸ç¢ºå®šæ¯”æˆ‘å€‘æ™šå…¥åº—çš„é¡§å®¢åœ¨æˆ‘å€‘ç­‰å¾…é¤é»ä¸€å€‹å¤šå°æ™‚é‚„åƒ…æœ‰ä¸€ç›¤ç‰›è‚‰ç‚’é£¯æ™‚ä»–å€‘å·²ç¶“ä¸Šå®Œ2é“èœåŠ2æ¯é£²å“ï¼Œé€™èˆ‡æ‚¨æ‰€å¼·èª¿çš„ä¾ç…§é †åºå‡ºé¤å®Œå…¨é•èƒŒï¼æ‚¨ç¢ºå®šæœ‰å¦‚å¯¦ç­è§£ç•¶å¤©å¯¦éš›ç‹€æ³å¾Œå›è¦†åé¥‹å—æ‚¨çš„å›è¦†èˆ‡ç•¶å¤©çµ¦äºˆæˆ‘å€‘çš„èªªæ˜å®Œå…¨ä¸ä¸€æ¨£ï¼ŒçœŸçš„ä½¿äººæ„Ÿå—æ˜¯åŠ å€çš„å·®ï¼","After entering the store at 6:30 in the evening, wait until nearly 8:00, only a plate of beef fried rice. The fried fried skewers and bartending are not served. Ask the waiter to always say that it will be confirmed and then there is no follow -up. There is no follow -up. Customers who enter the store late have been full of drinking and drinking, and cannot accept such a service attitude.Whether it is meals or bartending, it has been delivered for nearly two hours. In the end, I did nâ€™t have a cup of bartending. I asked the waiter to reply to it, but Bartender was obviously chatting on the bar?In the end, I couldn't tolerate that I did nâ€™t need to check the checkout. The waiter also said that the bartender has been done ~ It â€™s more than 10 minutes from asking for more than 10 minutes. The waiter said that it is doing it. modulation?The overall service experience is poor enough, and the meal is really not enough. The beef fried rice beef is too wet and sticky after the old rice; Basic explosives should not make a mistake!There is no basic level at all!It is really the same as water, even diluted, waiting for a long time to drink such a wine, it will really be angry!IntersectionIntersectionIntersectionIntersection
Muzha is a very good place ~ It should not be scrubbed by such a shop to deceive consumers to enter the store ~ â€‹â€‹Seriously not recommend it!IntersectionIntersectionIntersectionIntersection
â€”â€”â€”â€”â€”â€”â€”â€”â€”â€”â€”â€”â€”â€”â€”â€”â€”â€”â€”â€”â€”â€”â€”â€”â€”â€”â€”â€”â€”â€”â€”â€”â€”â€”
All the unpleasant dining feelings on the day were immediately informed of the waiter and asked the waiter. The response given us by the waiter at the moment is because the boss promotes the new student of the political University to enter the store to redeem a cup of free alcohol. Only then did the meal delay; at the moment, it was very unfair to the waiter that customers who consumed normal meal consumption!It is also clearly notified that the second table behind the waiter is very sure that the customers who entered the shop later are more than one hour and only one plate of beef fried rice. They have finished 2 dishes and 2 cups of drinks. The emphasis on the meal in order is completely violated!Are you sure you have a truthful understanding of the feedback after the actual situation of the day? Your reply is completely different from the explanation given to us that day. It really makes people feel more worse!"
"çœŸçš„å¤ªå¥½åƒäº†å•¦ï¼
è€é—†æœ‰çœŸåŠŸå¤«ï¼èœæœ‰é£¯åº—çš„æ°´æº–ï¼
æˆ‘å€‘é€±æœ«é€£å…©å€‹æ™šä¸Šå»åƒï¼æ¯æ¬¡éƒ½åƒåˆ°ç›¤å­è¶…ä¹¾æ·¨ï¼æ¨è–¦é‡‘æ²™è±†è…èˆ‡æ»‘è›‹è¦ä»ï¼å¤ªå²å®³äº†ğŸ‘","It's so delicious!
The boss has real kung fu!There is a hotel level!
We eat two nights on weekends!Eat the plates when I eat it every time!Recommended Jinsheng Tofu and Smooth Egg Shri!Too powerful äº†"
èª¿é…’æœ‰æ°´æº–ï¼Œå–ä¸å‡ºå¤ªé‡çš„é…’å‘³ï¼Œä½†ç¢ºå¯¦æœƒæœ‰å¾Œå‹ï¼Œä¸å°å¿ƒå°±æœƒå–å¤šï¼é‚„å¥½åƒ¹éŒ¢ç®—æ˜¯å¹³æ˜“è¿‘äººï¼Œé»ç¨å¾®å¤šä¸€é»ä¹Ÿä¸è‡³æ–¼é€ æˆè² æ“”ï¼Œæœƒè®“äººæƒ³ç•¶è‡ªå·±æ²’äº‹ä¾†åä¸€ä¸‹å–ä¸€æ¯çš„å°é…’é¤¨,"There is a level of bartending, you can't drink too heavy wine, but you will have a stamina, and you will drink too much!Fortunately, the price is approachable, and a little more or more."
å¸¥å“¥ä¸»å»šå¾ˆå¹´è¼•æ‰‹è—åˆå¥½ï¼Œæ±è¥¿éƒ½è¶…å¥½åƒğŸ˜‹ï¼Œç‚¸é› ç‚’é£¯è·Ÿä¸­å¼ç†±ç‚’éƒ½åƒçš„å‡ºå¥½åŠŸåŠ›ï¼Œæœå‹™ä¹Ÿä¸€ç´šæ£’å–”ï¼å€¼å¾—å†è¨ªï¼,"The handsome chef is very young and good, everything is super delicious, fried chicken fried rice and Chinese hot fried fried skills are good, the service is also great!It's worth visiting again!"
èª¿é…’å¥½å– æ°£æ°›å¾ˆæ£’ ç‚’æ³¡éºµå¥½åƒ,The delicious atmosphere of bartender is great fried noodles delicious
"ä¸­åˆé»é›™äººå¥—é¤è·Ÿå¥¶èŒ¶
åƒ¹æ ¼å¯¦æƒ ï¼Œæ±è¥¿ä¹Ÿæ»¿å¥½åƒã€‚
éµæ¿ç”¨çš„æ˜¯é›è›‹è±†è…ï¼Œè±†è…æœ‰å…¥å‘³ã€‚
æ¸…ç‚’é«˜éº—èœå‘³é“ä¹Ÿä¸éŒ¯ã€‚
å› ç‚ºæ˜¯barå£å‘³æ¯”è¼ƒé‡ï¼Œå‘³é“ä¹Ÿæ¯”è¼ƒå¥½ã€‚
ä¸‹åˆ2é»å¤šæœ¬ä¾†ä»¥ç‚ºæ‰“çƒŠä½†é‚„æœ‰é–‹ã€‚","Double set meal and milk tea at noon
The price is affordable, and things are delicious.
The iron plate uses egg tofu, and tofu tastes.
Solving Korean cabbage is also good.
Because BAR has a heavy taste and the taste is better.
At 2 pm, I thought it was closed but still opened."
"ç‚’é£¯ç²’ç²’åˆ†æ˜ï¼Œå¤–è§€ä¸ç„¦ä½†åƒèµ·ä¾†ç„¦é¦™éå¸¸æ¿ƒï¼Œè‚‰ä¹Ÿç‚’çš„å¾ˆé¬†è»Ÿå¾ˆé¦™ã€‚ä½†é‡é‚„æ˜¯å°‘äº†é»ï¼Œä»¥åƒ¹æ ¼ä¾†èªªä¸å¾ˆåˆ’ç®—ã€‚
é€çš„åœ°ç“œçƒå€’æ˜¯å¾ˆæœ‰èª æ„ï¼Œæ¯”èµ·å¤–é¢ä¸€ä»½30å·¦å³çš„ï¼Œåšåº¦å¤§å¾ˆå¤šã€‚","The grains of fried rice are clear, the appearance is not scorched, but it tastes very strong, and the meat is also very soft and fragrant.But the amount is still a bit less, and the price is not very cost -effective.
The sweet potato ball is very sincere, which is much larger than about 30 outside."
é€™å®¶çš„é…’è¶…æ£’ï¼Œå–œæ­¡é…’ç²¾æ¿ƒåº¦é«˜ä¸€é»çš„éå¸¸é©åˆï¼ä¸²ç‡’å’Œé£Ÿç‰©ä¹Ÿä¸ç®—å¤ªè²´ï¼ˆç•¢ç«Ÿåœ¨æ”¿å¤§æ—é‚Šï¼‰å¦‚æœæ‰“ç®—æ­è¨ˆç¨‹è»Šå›å»çš„ï¼Œé€™é‚Šæ‡‰è©²å¯ä»¥å–åˆ°éå¸¸æ„‰å¿«ï¼,"This wine is super stick. I like the concentration of alcohol. It is very suitable!String and food are not too expensive (after all next to the University of Zhengda), if you plan to take a taxi to go back, you should drink it very well here!"
é€²åˆ°åº—è£¡é»æ™šé¤ï¼Œéäº†1å€‹å°æ™‚æ‰ä¸Šä¾†ä¸€ç›¤ç‚’é£¯ï¼Œæ¯”æˆ‘æ™šé€²åº—çš„äººéƒ½å·²ç¶“è¦åƒé£½äº†ï¼Œé£²æ–™ä¹Ÿéƒ½ä¸Šäº†ï¼Œæˆ‘çš„æ¡Œä¸Šé‚„æ˜¯åªæœ‰ä¸€ç›¤ç‚’é£¯ï¼Œåˆ°äº†ç¬¬2å€‹å°æ™‚â‹¯ é‚„æ˜¯åªæœ‰ç‚’é£¯ï¼Œåˆ°æˆ‘å€‘é–‹å§‹è©¢å•é¤é»å’Œé£²æ–™ï¼Œæ‰é–‹å§‹ä¸Šèœâ‹¯ æˆ‘ä¸çŸ¥é“æ˜¯å¿˜å–®ï¼Ÿ é‚„æ˜¯äººæ‰‹ä¸è¶³å¤ªå¿™ï¼Ÿ é€™æ¨£çš„ç¶“ç‡Ÿæ–¹å¼è®“æˆ‘å¾ˆå‚»çœ¼â‹¯ æœ¨æŸµååº—å¾ˆå¤±æœ›â‹¯ æˆ‘çœŸçš„ä¸æœƒå†å»äº†ï¼ï¼,"After entering the store for dinner, I came up with a plate of fried rice after an hour. Everyone who entered the store was full than me, and the drinks were all on. I still have only one plate of fried rice on my table. Two hours or only fried rice. When we started to ask meals and drinks, we started to eat. I do nâ€™t know if it is forgotten?Or is it not too busy?This way of business made me very dumbfounded. Muzha famous shop is very disappointed ... I really won't go again!Intersection"
é€™é–“ä¸åªæœ‰é…’ï¼Œç‚’é£¯èœé¡éƒ½æ»¿æ¨çš„ï¼Œå¾ˆé©åˆç•¶èšé¤é¤å»³ï¼Œå¦å¤–è€é—†èªªæœ‰äººè¨‚ä½ä¸­åˆæ‰æœƒé–‹ï¼Œæƒ³åƒåˆé¤è¨˜å¾—å…ˆè¨‚ä½,"This is not only wine, fried rice is full, which is very suitable for dinner restaurants. In addition, the boss said that someone will open at noon. Remember to order for lunch"
"ä¸‰æ¯è±†è…å¥½åƒï¼ˆå…ˆç…éçš„é›è›‹è±†è…å†ä¸‹å»ä¸‰æ¯ï¼Œåƒåˆ°å¾ˆæ„Ÿå‹•ğŸ˜€ï¼‰ã€çƒ¤è‚‰ä¸²ä¸éŒ¯ï¼Œé£Ÿç‰©å±Œæ‰“è²“ç©ºå¤§å­¸é™„è¿‘è¨±å¤šåº—å®¶ã€‚
é…’é¡ä¹Ÿé‚„å¯ä»¥ï¼Œç‰¹èª¿å¾ˆé †å£ï¼Œè »é©åˆä¸ç¿’æ…£é…’æ„Ÿé‡çš„äººã€‚
é¤å»³æ°£æ°›å¾ˆå¥½ï¼Œåº—å“¡éƒ½å¾ˆå‹å–„ï¼Œå°±ç®—å¾ˆå¿™ç¢Œï¼Œæ…‹åº¦ä¹Ÿå¾ˆè¦ªåˆ‡ã€‚æ•´é–“åº—çš„åº—å“¡é¡å€¼éƒ½åé«˜ï¼Œå°¤å…¶æ˜¯ä¸€å€‹å¤–å ´æœå‹™ç”Ÿå¼Ÿå¼Ÿï¼Œé™¤äº†å¸¥é‚„æ•¬æ¥­ã€‚
è »é©åˆæœ‹å‹èšé¤çš„ï¼Œå»ºè­°æå‰æ‰“å»è¨‚ä½
ä¸€å€‹äººå°é…Œåå§å°ä¹Ÿåˆ¥æœ‰ä¸€ç•ªé¢¨å‘³
æ˜¯æœƒæƒ³å†è¨ªçš„åº—","Three cups of tofu are delicious (first fried egg tofu goes down for three cups, and it is very moved), barbecue skewers are good, and many shops near Cat Empty University.
The wine is also okay. The special tone is very smooth, which is quite suitable for people who are not used to heavy alcohol.
The atmosphere of the restaurant is very good. The clerk is very friendly. Even if he is busy, his attitude is very kind.The staff in the entire shop is high, especially a waiter brother, in addition to being handsome.
It's pretty suitable for friends to dinner, it is recommended to go to order in advance
Do nâ€™t have a taste of sitting alone
It's a shop that I want to visit again"
ç‚’æ³¡éºµè¶…å¥½åƒï¼ä¸æœƒæ¿•æ¿•çˆ›çˆ›çš„ï¼Œå¾ˆå…¥å‘³ï¼Œè€Œä¸”æ–™ä¹Ÿå¤šï½é»ç‚’æ³¡éºµé‚„é€ç´…èŒ¶ï¼Œæ‡‰è©²å¯ä»¥èªªæ˜¯æ”¿å¤§é™„è¿‘å”¯ä¸€å¥½åƒçš„ç‚’æ³¡éºµäº†ï½,"Frying instant noodles is super delicious!It won't be wet and rotten, very delicious, and there are more ingredients ~ some fried instant noodles are also given black tea. It should be said that it is the only delicious fried noodle near Zhengda University ~"
å¾ˆå¥½åƒï¼Œåº—å®¶æœå‹™å¾ˆå¥½,"It's delicious, the store service is very good"
æœ¨æŸµçœ‹åˆ°è©•è«–è »å¥½çš„é…’å ´ï¼Œçµ‚æ–¼æœ‰æ©Ÿæœƒè©¦è©¦ï¼Œåˆ°çš„æ™‚é–“åªå‰©çƒ¤ç‰©ç‚¸ç‰©ï¼Œçƒ¤ç‰©è™•ç†è »å¤±æœ›çš„ï¼Œçƒ¤ç„¦çš„éƒ¨åˆ†è »å¤šä¸”éƒ½æ²’å»é™¤å‰ªæ‰åƒèµ·ä¾†è‹¦è‹¦çš„â€¦â€¦èª¿é…’ç„¡é…’æ„Ÿï¼Œå¥³æœå‹™ç”Ÿæœå‹™è »å¥½ï¼,"When Muzha saw a well -known wine farm, I finally had a chance to try. When the time was time, there were only grilled fried objects. The grilled objects were quite disappointed. ... There is no sense of alcohol, and the service of female waiters is pretty good!"
ä¸‹åˆäº”é»åŠé›»è©±è¨‚é¤ï¼Œæ«ƒæª¯èªªå…­é»åŠå¯ä»¥å–é¤ï¼ŒçµæœçœŸæ­£æ‹¿åˆ°é¤é»å·²ç¶“æ˜¯ä¸ƒé»äº”åˆ†äº†ï¼Œè£¡é¢ä¹Ÿåªæœ‰ä¸€çµ„ç”¨é¤å®¢äººè€Œå·²ï¼Œå‚™é¤æ•ˆç‡ä¸ä½³ï¼Œé–‹è»Šé™„è¿‘é›£åœè»Šï¼Œè¨‚å¤–å¸¶è‡ªå·±è¦æ–Ÿé…Œæ™‚é–“è·Ÿåœè»Šå•é¡Œï¼Œæœ€å¥½å–é¤æ™‚é–“è¦å†é›»è©±ç¢ºèª,"To order meals at 5:30 in the afternoon, the counter can pick up the meal at 6:30. As a result, it is already 7.5:00, and there are only one set of meals in it. The meals are not efficient. If you want to take your own time, you need to consider the time and parking problem."
ååœ¨é¦¬æ¡¶è£¡ æ²’æœ‰æ¿ºå‡ºä¾†ä¹Ÿæ²’æœ‰ç•°å‘³ æ²’æœ‰å½±éŸ¿åˆ°åˆ¥äºº ç‚ºä»€éº¼è¦ä»˜æ¸…æ½”è²»ï¼Ÿ æ•´å€‹å»æ‰€éƒ½æ˜¯ä¹¾æ·¨çš„ æ†‘ä»€éº¼æ”¶æ¸…æ½”è²» é‚£é€™æ¨£ä»¥å¾Œè¦åçš„å…¨éƒ¨éƒ½ååœ¨æ¡Œä¸Šå°±å¥½ åæ­£ä¸€æ¨£ éƒ½æ˜¯ä»˜éŒ¢ çœŸçš„è¦é€™æ¨£è³ºéŒ¢ é‚„æœ‰è‰¯å¿ƒå—,"There is no splash or odor in the toilet, why does it affect the cleaning fee?The whole toilet is clean. Why do you collect cleaning fees? All those who want to vomit will spit on the table in the future."
"ç†±ç‚’å¥½åƒ
é‚„æœ‰ä¸ç®¡ç‚’é£¯ç™½é£¯éƒ½å¥½å¥½åƒï¼Œç™½é£¯æ˜¯é¤å»³çš„éˆé­‚é€™å€‹ç…®å¾—å¥½å°±æœ‰70åˆ†äº†ã€‚ä¸çŸ¥ä¸è¦ºéƒ½åƒå…‰å…‰
å¸Œæœ›æœ‰æ›´å¤šç†±ç‚’å“é …åƒæ˜¯é¹¹è›‹è‹¦ç“œ å“¦å•Šè±†è… ç‚’è›¤è £ é³³æ¢¨è¦çƒ","Hot frying delicious
And no matter the rice, the rice is delicious, the soul of the restaurant is 70 points.Unknowingly eat all the light
I hope there are more hot speculation items like salty egg bitter gourd oh ah tofu fried clam oyster pineapple shrimp ball"
ä¸Šé¤é€Ÿåº¦å¯¦åœ¨å¤ªç…©å¾6é»åŠç­‰åˆ°7é»åŠå¤šå¿«8é»åªä¾†ä¸€ç›¤ç‚’é£¯ï¼Œå‰é¢å¹¾æ¡Œå®¢äººéƒ½åƒéä¸€è¼ªï¼Œé»çš„å››æ¯é…’3æ¯ï¼Œè€å¯¦èªªçœŸçš„ä¸æ‡‚åˆ°åº•åœ¨å¿™ä»€éº¼ï¼Œæ˜¯æˆ‘å€‘æ²’æœ‰è€å¿ƒé‚„æ˜¯åº—å“¡æœ‰å¾…åŠ å¼·ï¼ŒèªçœŸä¸æ¨è–¦ã€‚,"The meal speed is too annoying to wait at 6:30 to 7:30. Only one plate of fried rice. The first table of guests have eaten for one round. What are we busy, whether we have no patience or the clerk has to be strengthened, and it is not recommended."
"å‰å¹¾å¤©æ‰“é›»è©±è¨‚å¥½ä½ï¼Œçµæœä»Šå¤©ç«™åœ¨é–€å£ç­‰å¥½ä¹…éƒ½æ²’ç‡Ÿæ¥­ï¼Œç¶äº†å¸ƒæ¢å¯«2/3é–‹å§‹ç‡Ÿæ¥­ï¼Œæ•´å€‹å‚»çœ¼ï¼Œæ¥é›»è©±å¹«æˆ‘è¨‚ä½æ˜¯è¨‚å‡çš„å—ï¼Ÿä¼‘å‡ä¸æœƒå‘ŠçŸ¥å—ï¼Ÿgoogleä¸Šé‚„ç‡Ÿæ¥­ä¸­..

åŸæœ¬çœ‹åˆ°è©•åƒ¹ä¸éŒ¯ï¼Œé‚„ç‰¹åœ°ç´„äº†å¹¾å€‹æœ‹å‹è¦ä¾†åƒï¼Œæ•´å€‹ä¸Ÿè‡‰ä¸Ÿå¤§äº†ï¼Œå®³å¤§å®¶ç«™åœ¨é–€å£å¹å†·é¢¨..","A few days ago, I called to order. As a result, I stood at the door and waited for a long time. I tied the cloth strip to write 2/3 to start the business.Wouldn't it be notified for vacation?Google is still in business ...

I originally saw that the evaluation was good, and I also asked a few friends to eat."
è£ç¡çš„äººå«ä¸é†’æ˜å¤©æ—©ä¹å¸Œæœ›æœƒé†’,"People who pretend to be sleeping will not wake up tomorrow nine, I hope to wake up tomorrow"
"æ±è¥¿å¥½åƒï½å…‰é¡§å…©æ¬¡æ²’æœ‰åƒåˆ°ä¸€æ¨£é›·çš„æ±è¥¿ï¼ç„¶å¾Œä¹Ÿå¾ˆä¾¿å®œâ¤ï¸
å¤§æ„›é€™é–“åº—ï¼èª¿é…’ä¹Ÿå¾ˆå¥½å–ï¼æ¨ç¶ è‰²èš±èœ¢","Things are delicious ~ patronize two things that do not eat the same thunder!Then it is very cheap â¤ï¸
Love this shop!Mixing is also very delicious!Push green"
æš‘å‡ä¸­åˆæ²’ç‡Ÿæ¥­ï¼Œæƒ³ä¾†çš„äººåˆ¥æ’²ç©ºã€‚æ˜¯å¦ç‡Ÿé¤Šæ™‚é–“è¦èª¿æ•´å•Šï¼Ÿå…å¾—æƒ³åƒå»æ’²ç©ºã€‚,"It was not open at noon in the summer vacation, and the people who thought about it should not be empty.Do you have to adjust your nutrition time?Don't want to eat but flutter."
"æ‰“ç ´ä¸€å€‹æ¯å­è³ 330

æˆ‘æ‰¿èªæ˜¯è‡ªå·±ç†è™§
ä¹Ÿæ‡‰è©²è¦è³ å„Ÿ
ä½†æ˜¯è³ å„Ÿåƒ¹æ ¼è‘—å¯¦æ˜¯å‘äºº
æŒ‰ç…§å€‹äººç¶“é©—è¦ºå¾—ä¸ç”šåˆç†
é™¤éçœ‹åˆ°é€²è²¨å–®å’Œåˆç†æŠ˜èˆŠæ¯”ä¾‹

ä¸ç„¶é€™æ¨£çš„è™•ç†æ–¹å¼
å»ºè­°ä¸è¦å»
ç¨‹åº¦ä¸Šè¦æ‰¿æ“”å„ç¨®é£²é£Ÿå¤–çš„é¢¨éšª","Break a cup and pay 330

I admit that I have a loser myself
You should also compensate
But the compensation price is really a pitman
I feel unreasonable according to personal experience
Unless you see the purchase order and a reasonable depreciation ratio

Otherwise
Suggest not to go
To the degree"
"bartenderç†±æƒ…ï¼Œæœƒé™ªä½ èŠå¤©ä¹Ÿæœƒè«‹é…’(é‚„æ˜¯å› ç‚ºåŒè¡Œæœ‰å¦¹å­ï¼Ÿ)
é¤é»é —æœ‰æ°´æº–ï¼Œé…’ä¹Ÿä¸éŒ¯å–","Bartender is enthusiastic, and will invite wine with you if you have a girl?)
The meal is quite standard, and the wine is also good to drink"
"ç”¨é¤ç’°å¢ƒå¾ˆæ£’ï¼Œæº«åº¦ã€æ°£æ°›ã€ç‡ˆå…‰ç­‰ç­‰éƒ½æ˜¯ä¸€ç­‰ä¸€çš„é…’å§
é£Ÿæé¸ç”¨ä¹Ÿåˆ°ä½ï¼Œç†±ç‚’ã€çƒ¤ç‰©ååˆ†ç¾å‘³
æ˜¯å€¼å¾—ä¸€ä¾†å†ä¾†çš„é¤é…’é¤¨","The dining environment is great, temperature, atmosphere, lighting, etc. are all first -class bars
The selection of ingredients is also in place.
It is worthwhile restaurant to come again"
"åƒéçš„æ¯é“èœéƒ½å¥½å¥½åƒ~å–œæ­¡ç³–é†‹é‡Œè‚Œ, è”¥çˆ†ç‰›æŸ³, æ¾é˜ªè±¬æ°´è“®, é‡‘æ²™è±†è…, é‡‘æ²™ä¸­å·","Each dish I have eaten is delicious ~ I like sweet and sour muscles, onions burst beef willow, Matsusaka pig water lotus, Sands tofu, golden sand roll"
èª¿é…’å¸«è·Ÿè€é—†äººè¶…å¥½ ç’°å¢ƒå¾ˆä¸éŒ¯ æ˜¯é©åˆèšåœ¨ä¸€èµ·èŠå¤©çš„åœ°æ–¹ æœ‰æ™‚å€™è€é—†è·Ÿèª¿é…’å¸«ç”šè‡³æœƒæœ‰å®šæœŸæ‹›å¾…,The bartender and the boss are super good. The environment is very good. It is suitable for the place where the bartender and the bartender will even have regular hospitality.
åŸä»¥ç‚ºæ˜¯é…’å§ç°¡å–®çš„é¤é»ï¼Œæ²’æƒ³åˆ°é¤é»çœŸå¾ˆä¸éŒ¯å¾ˆæœ‰ç‰¹è‰²ï¼Œå°¤å…¶ç‚’é£¯æ›´æ˜¯æœ‰æ°´æº–ï¼Œåº—å…§ç’°å¢ƒèˆ’é©äººå“¡è¦ªåˆ‡ï¼›å¸Œæœ›ç¹¼çºŒä¿æŒï½,"I thought it was a simple meal of the bar. I didn't expect that the meal was really good and distinctive, especially the fried rice is more standard."
æ±è¥¿ä¸éŒ¯åƒï¼Œä½†åŠå¤œ12é»å¾Œä¸çŸ¥é“æ˜¯åº—å®¶é‚„æ˜¯å®¢äººå¹¾ä¹æ¯æ™šéƒ½é‚„æ˜¯æœƒå¾ˆåµï¼Œå¹³å¸¸è¦åµæ²’é—œä¿‚ï¼Œéƒ½å·²ç¶“å‡Œæ™¨ä¸€é»å¤šäº†é‚„åœ¨åµï¼Œåœ¨ä½å®…å€é–‹åº—åŸºæœ¬çš„å°Šé‡é‚„æ˜¯è¦æœ‰å§ï¼Œä½åœ¨é™„è¿‘çœŸçš„ä¸å ªå…¶æ“¾ï¼,"It â€™s good to eat, but after 12 o'clock in the middle of the night, I do nâ€™t know if itâ€™ s the store or the guests. It â€™s still noisy every night. Itâ€™ s okay to be noisy. It â€™s already more than one o'clock in the morning. , Living nearby is really uncomfortable!"
"æ°›åœå¾ˆå¥½
Jasoné•·çš„å¸¥åˆå¾ˆæœƒèª¿é…’
ä¸€æ¥µæ£’å¥½å–","The atmosphere is very good
Jason is handsome and can bartender
A great delicious"
"ç‚¸ç‰©è·Ÿé…’éƒ½é‚„å¯ä»¥ å¯æ˜¯çœŸçš„çœŸçš„å¾ˆåµ åº—å“¡ä¹Ÿæ²’åˆ¶æ­¢
çœ‹è©•è«–å¥½åƒæœ‰é„°è¿‘ä¾†åæ‡‰éäº† ä½†çœ‹èµ·ä¾†é‚„æ˜¯æ²’æœ‰æƒ³æ”¹å–„","Both fried and wine can still be really noisy.
Seeing the comments, it seems that there are neighbors to respond, but it still doesnâ€™t seem to want to improve"
"æ±è¥¿éƒ½å¾ˆå¥½åƒï¼Œé…’çš„é¸æ“‡ä¹Ÿå¾ˆå¤šï½
æœ€å–œæ­¡ä¸‰æ¯æåŒ…è‡å’Œç‡´ä¸‰é®®
æœå‹™å“¡çš„æ…‹åº¦ä¹Ÿå¾ˆå¥½","Everything is delicious, and there are many choices of wine ~
Favorite three cups of apricot mushrooms and stewed three fresh
The attitude of the waiter is also very good"
"å¾ˆä¸éŒ¯çš„åº—ï½
é¤é»å¥½åƒè€Œä¸”é…’ä¹Ÿå¥½å–ğŸ¥°
åº—è£¡ä¸æœƒå¾ˆåµ å¾ˆé©åˆè·Ÿæœ‹å‹ä¸€èµ·ä¾†èŠå¤©æ”¾é¬†
æœƒå†å›è¨ªçš„ï¼ â€¦","Very good shop ~
The meal is delicious and the wine is delicious
The store will not be very noisy, very suitable for chatting with friends to relax
Will return to visit again!Mowing"
é…’è·Ÿå†°å¡Šæ°´ä¸€æ¨£ï¼Œçµ¦ä¸‰é¡†æ˜Ÿæ˜¯æ±è¥¿é‚„è¡Œ,"Like ice water, it is okay to give three stars"
é¤é»å‡ºå¾—å¾ˆæ…¢ï¼Œè€Œä¸”éš”å£æ¯”æˆ‘å€‘æ…¢ä¾†çš„å®¢äººèœéƒ½å‡ºå®Œäº†ã€‚åŸ¹æ ¹ç‚’é«˜éº—èœï¼Œèœæ²’ç†Ÿï¼Œä»¥ç‚ºåœ¨åƒç”Ÿèœæ²™æ‹‰ã€‚,"The meal was very slow, and the guests next door were finished than us.Bacon stir -fried Korean vegetables, and the vegetables were not cooked, thinking that they were eating lettuce salad."
å¥½åƒçš„åº—ï¼Œå€¼å¾—æ¨è–¦ã€‚,A delicious store is worth recommending.
"ä¸­åˆç‰¹åœ°ä¾†å…©ä¸‰æ¬¡éƒ½æ²’é–‹...
å¯ä»¥åœ¨google map æ”¹ä¸€ä¸‹æ­£ç¢ºçš„ç‡Ÿæ¥­æ™‚é–“å—","I didn't open it at noon two or three times ...
Can you change the correct business time on Google Map?"
æ±è¥¿è¶…å¥½åƒï¼Œå·²ç¶“æ˜¯å›è³¼çš„é¡§å®¢äº†ï¼Œèª¿é…’ä¹Ÿå¥½å–ï¼Œè¶…æ¨ï¼ï¼ï¼æœå‹™æ…‹åº¦ä¹Ÿå¥½å¥½ğŸ¥º â€¦,"The things are super delicious, and they are already repurchased customers. The bartending is also delicious. It is super pushing!IntersectionIntersectionThe service attitude is also good ..."
æ°›åœæ„Ÿ100ğŸ’•,Atmospheric sense 100æ„Ÿ
"åº—å®¶æ…‹åº¦å¾ˆå¥½ï¼Œ9:30éå¾Œæ°›åœå¾ˆæ£’
ì—´ê¸° ë„ˆë¬´ ì¢‹ì•„! ìˆ  ë§›ìˆë‹¹â˜ºï¸","åº— 9: 30 å¾Œ å¾Œ æ°›
I love to open!Sold tasty â˜ºï¸"
ä½å®¶é™„è¿‘é€™å­¸æœŸé–‹äº†å®¶å°é…’é¤¨ï¼Œå¯èƒ½å› ç‚ºåœ¨å­¸æ ¡é™„è¿‘ï¼Œåƒ¹æ ¼ååˆ†è¦ªæ°‘ï¼Œæœå‹™ã€å“è³ªä¹Ÿé —ä¸éŒ¯ã€‚,"A small tavern opened this semester near the home. It may be that the price is very close to the people near the school, and the service and quality are quite good."
ç›¸ç•¶èˆ’é©çš„ç’°å¢ƒï¼Œé¦™è•‰å¥¶é…’æ¨æ¨ï¼Œgin tonicä¹Ÿå¾ˆè®šï¼Œé‚„æœƒåˆ°è¨ªçš„åœ°æ–¹ï¼,"For a very comfortable environment, banana milk wine push, Gin Tonic is also very good, and there will be a place to visit!"
æ°£æ°›å¾ˆå¥½ï¼Œç‡ˆå…‰ä½³ï¼Œé…’å¥½å–ï¼èª¿é…’å¸«æœƒä»‹ç´¹é©åˆçš„é£²å“ï¼Œæ¨æ¨ğŸ«¶ğŸ»,"The atmosphere is very good, the lights are good, and the wine is delicious!The bartender will introduce the suitable drink, push the push ğŸ«¶ğŸ»"
"åº—å“¡å°å“¥æœå‹™è¦ªåˆ‡,æ±è¥¿ä¹Ÿå¾ˆå¥½åƒ,å¦‚æœä¸Šèœé€Ÿåº¦å†å¿«ä¸€é»æœƒæ›´æ£’","The shopkeeper is friendly, and things are very tasty"
åä¸è™›å‚³ï¼Œå’Œæˆ‘åœ¨å…¨å®¶åƒçš„é¼æ³°è±ä¸€æ¨¡ä¸€æ¨£ï¼Œè€Œä¸”ç‡Ÿæ¥­æ™‚é–“å¾ˆé•·ï¼Œä¸‹æ¬¡è©¦è©¦èª¿é…’,"It is not famous, which is exactly the same as the Ding Taifeng I ate in the whole family, and it is very long in business. Try to adjust the bartender next time"
è¡Œèµ°è²»æ´›è’™ ä¸€æ¯å–ä¸‹å»è¼•é£„é£„çš„ é¦™ç”œæ¸…æ·¡çš„è˜‹æœå‘³é…ä¸Šå¾®å¾®å¾Œå‹ èµ°åœ¨è·¯ä¸Š ä»Šå¤© æˆ‘å°±æ˜¯å¤œæ™šçš„é‡ç¸,Walking a glass of sweet and light apple flavor with a slightly fluttering apple with a slight stamina on the road today. Today I am the beast of the night
"å¤§åŠå¤œé‚„åœ¨åµï¼Œç®¡ä¸äº†å®¢äººå°±ä¸è¦é–‹é…’å§åœ¨ä½å®…å€

-- æ›´
å®Œå…¨æ²’æœ‰æ”¹å–„ï¼Œå‡æ—¥ç”šè‡³åˆ°å…©ä¸‰é»é‚„åœ¨åµ","It's still noisy in the middle of the night, don't care if you can't control the guests, don't open a bar in the residential area

-- Even
It has not improved at all, and even noise on holidays even at two or three o'clock"
ç’°å¢ƒå¥½é…’å¥½å–ï¼Œå–åˆ°æœ‹å‹éƒ½ç˜‹äº†ï¼Œbartender å¾ˆè¦ªåˆ‡ æ•´é«”å¾ˆchill,"The environment is good and drinks, drinking friends is crazy, BARTENDER is very kind and overall, very chill"
æ±è¥¿å¾ˆå¥½åƒï¼,Things are delicious!
ç‚’é£¯å¥½åƒä½†åªåˆ°12:00å“­,The fried rice is delicious but only crying at 12:00
"é¤é»æ»¿æ„ã€æœå‹™å‘¨åˆ°
å–é…’åƒé£¯çš„å¥½å»è™•
å”¯ä¸€ç¼ºé»ï¼šåšé¤é€Ÿåº¦æœ‰å¾…åŠ å¼·ğŸ’ªğŸ’ª","Satisfaction and thoughtful meal
It's a good place to drink and eat
The only disadvantage: the speed of meals needs to be strengthened ğŸ’ªğŸ’ª"
æœå‹™è¦ªåˆ‡ã€åƒ¹æ ¼å¯¦æƒ ï¼Œé¤å»³å…§æ°£æ°›ä½³ï¼Œé©åˆæ”¾å‡ä¸‹èª²ä¸‹ç­å¾Œä¾†æ”¾é¬†çš„åœ°æ–¹ğŸ‘,"The service is cordial, the price is affordable, the atmosphere in the restaurant is good, suitable for the place where you relax after the holiday after get off work ğŸ‘"
å¤§å®¶äººéƒ½è¶…å¥½ï¼Œæ°£æ°›è¶…è®šï¼Œèª¿é…’åˆå¥½å–ğŸ˜ğŸ˜ â€¦,"Everyone is super good, the atmosphere is superb, the bartending is delicious ..."
é¤é»å¾ˆå¥½åƒï¼Œéƒ½å¾ˆå¤ å‘³ï¼Œæ°£æ°›ä¹Ÿå¾ˆä¸éŒ¯ï¼Œå¾ˆé©åˆæœ‹å‹ã€åŒäº‹å°èš,"The meal is delicious, it tastes delicious, and the atmosphere is very good. It is very suitable for friends and colleagues to gather"
"12/15 å¤–å¸¶èŸ¹é»ƒè±†è…å¥½é›£åƒå–” æœ‰è…¥å‘³
å¾ˆé›£æœ‰å‹‡æ°£å†å»å˜—è©¦åˆ¥çš„æ±è¥¿äº†","12/15 Crab Curcoe is so delicious
It's hard to have the courage to try something else"
"è€é—†èªªä»–ç‚’çš„ä¸æ˜¯é£¯
æ˜¯ä»–çš„ç«¥å¹´
*Mojitoä¹Ÿå¾ˆå¥½å–","The boss said he was not frying rice
His childhood
*Mojito is also very delicious"
"ç†±ç‚’åƒ¹æ ¼ç¨é«˜ä½†å‘³é“å¾ˆå¥½
é…’é¡ä¾¿å®œ åº—å“¡å’Œå–„","The price of hot frying is slightly higher, but it tastes good
Cheap shop clerk and good"
"é£Ÿç‰©ä¸éŒ¯åƒ, ç‚’é£¯å¾ˆé¦™, é‘Šå‘³æœ‰å‡ºä¾†.","The food is good, the fried rice is very fragrant, and the flavor is out."
"åƒçš„è¶…å¥½åƒ
æœå‹™äººå“¡å¾ˆè¦ªåˆ‡
å¤§æ¨è›¤è £æ¹¯å’Œç‚’é£¯","Eat super delicious
The service staff is very kind
Big push oyster soup and fried rice"
ç‚¸ç‰©ä¸²çƒ¤è¶…å¥½åƒçš„ é…’é¡æˆ‘ä¹Ÿå¾ˆå–œæ­¡ğŸ‘ â€¦,I also like the super delicious alcohol of the fried skewers. I also like it ...
èª¿é…’å¸«å¾ˆå¸¥æ°£ï¼å¾ˆå¥½èŠå¤© äººå¾ˆè¦ªåˆ‡,The bartender is handsome!Very good chatter
è€é—†åŠªåŠ›ï¼æ±è¥¿å¥½åƒå€¼å¾—é¼“å‹µï¼,The boss works hard!It is delicious and encouraged!
æ°£æ°›å¾ˆæ£’ bar tenderéƒ½å¾ˆè¦ªåˆ‡ æ¨æ¨Samâ¤ï¸â€ğŸ”¥ â€¦,"The atmosphere is great, Bar Tender, it is very kind to push samâ¤ï¸â€ğŸ”¥ ..."
å…¨å°æœ€å¥½åƒçš„ç‚’æ³¡éºµï¼Œæœå‹™æ…‹åº¦ä¹Ÿè¶…æ£’ã€‚,"The best fried noodles in Taiwan, the service attitude is also great."
ç‚’é£¯è »å¥½åƒçš„,Fried rice is pretty delicious
å¥½é–‹å¿ƒçª©Ê• â€¢á´¥â€¢Ê”,So happy nest Ê• â€¢ â€¢ â€¢ Ê”
èª¿é…’å¾ˆæ¼‚äº®é…’ä¹Ÿå¾ˆå¥½å–ï¼Œèª¿é…’å¸«äººä¹Ÿå¾ˆnice,"The bartender is very beautiful and the wine is delicious, and the bartender is also very nice"
"ç’°å¢ƒå¾ˆèˆ’æœ
å¾ˆé©åˆä¸‹èª²è·Ÿæœ‹å‹å–é…’èŠå¤©çš„åœ°æ–¹
é£Ÿç‰©ä¹Ÿå¾ˆå¥½åƒ","The environment is very comfortable
It is very suitable for drinking and chatting with friends after class
The food is also delicious"
"æ°£æ°›è¶…è®š å¾ˆé©åˆæœ‹å‹èšé¤å–é…’
ç‚¸ç‰©å¥½åƒ","The atmosphere is superb, it is suitable for friends to dinner and drink
Fry"
æœå‹™è®š çƒ¤ç‰©å¥½åƒ èª¿é…’å¥½å–,Serving baked items delicious bartending and delicious
æ°£æ°›ä¸éŒ¯ è·Ÿæœ‹å‹èšæœƒå¾ˆé©åˆä¾†ğŸ˜» â€¦,The atmosphere is good to meet with friends ğŸ˜» ...
æ±è¥¿å¥½åƒ è€é—†ç†±æƒ… ç‚’é£¯ä¸‹é¢å°æ²¹  åƒ¹ä½åé«˜,Extra is delicious boss enthusiastically fried rice. The small oil price is high
ä¸‰æ¯é›çˆ†å¹¹å¥½åƒï¼åº—å“¡æœå‹™æ…‹åº¦å¥½ğŸ‘ â€¦,Three cups of chickens are delicious!The service attitude of the clerk is good ...
åº—å“¡è¦ªåˆ‡ã€é…’ç²¾ç·»ã€é£Ÿç‰©é«˜ç´šå¥½åƒã€æ°£æ°›ä½³,"The clerk is kind, exquisite, high -level food, good atmosphere, good atmosphere"
æ”¿å¤§é™„è¿‘é›£å¾—æœ‰çš„é¤é…’é¤¨ï¼Œæ­é…ä¸‹é…’çš„èœä¸éš¨ä¾¿ï¼Œå¥½åƒï¼,"There are rare restaurants near Zhengda University, which is not casual with wine, delicious!"
åº—å…§æ°£æ°›å¾ˆä¸éŒ¯ï¼Œåº—å“¡æœå‹™å¾ˆå¥½âœ¨,"The atmosphere in the store is very good, the clerk service is very good"
ç‚¸ç‰©æ‹¼ç›¤å¥½å¥½åƒ å› ç‚ºæ˜¯æ—å®¶é™è«‹çš„å“ˆ,The frying platter is delicious because it was invited by the Lin family
æ°£æ°›å¾ˆè®š ä¸²ç‡’å¥½åƒ,The atmosphere is great and delicious
æ±è¥¿éå¸¸å¥½åƒï¼Œæ¶ˆè²»ä¾¿å®œï¼Œå¾ˆé©åˆèšé¤ä¹‹å ´æ‰€ã€‚,"Things are very delicious, cheap consumption, and very suitable for dinner."
ç‡ˆå…‰ç¾æ°£æ°›ä½³é…’å¥½å–Bartenderå¸¥,Lighting beautiful atmosphere Bartender is handsome
é ‚åˆ°ä¸èƒ½å†é ‚ï¼ˆè€é—†äººè¶…å¥½ï¼‰,It can no longer top it (the boss is super good)
æ”¿å¤§ç”Ÿæ‹›å¾…å…è²»ï¼Œç‚’éºµçƒ¤è‚‰ä¹Ÿä¸éŒ¯,"Zhengdansheng entertains free, fried noodle barbecue is also good"
ä»Šå¤©å¥½é–‹å¿ƒ^_^ã„ã„ Ë‰ã„™ã„ŸË‹å°¬å¾—,I'm so happy today^_^embarrassment
ç’°å¢ƒèˆ’é©ã€éŸ³æ¨‚å¥½è½ï¼Œè€Œä¸”è€é—†äººå¾ˆå¥½ğŸ˜† â€¦,"The environment is comfortable, the music is nice, and the boss is very good ..."
æ°›åœå¾ˆå¥½ å»æ‰€ä¹Ÿå¾ˆä¹¾æ·¨ å¤§æ¨ğŸ¥° â€¦,The atmosphere is very good and the toilet is very clean.
Bartender äººå¾ˆå¥½ï¼Œèª¿é…’å¾ˆå¯¦åœ¨ï¼,"Bartender is very good, and bartending is real!"
æœå‹™å¾ˆå‘¨åˆ°ï½å°±å¾ˆå¥½å–ï¼,The service is very good ~ it is delicious!
èª¿é…’å¥½å–ã€æ°£æ°›å¾ˆæ£’ğŸ¤© â€¦,The bartender is delicious and the atmosphere is great ...
"ç‚¸ç‰©æ‹¼ç›¤å¥½åƒ
å› ç‚ºä¸æ˜¯æˆ‘å‡ºéŒ¢çš„","Fried objects are delicious
Because I didn't pay for it"
åº—å“¡å¾ˆå‹å–„ é£Ÿç‰©å¾ˆå¥½åƒâ¤ï¸â¤ï¸â¤ï¸,The clerk is very friendly and delicious â¤ï¸â¤ï¸â¤ï¸
å¥½é–‹å¿ƒå‘¦ï½é–‹å¿ƒå–é…’â¤ï¸ğŸ§¡ğŸ’›ğŸ’šğŸ’™ğŸ’œâ¤ï¸â€ğŸ”¥ â€¦,So happy ~ Happy drink â¤ï¸ å¿ƒâ¤ï¸â€ğŸ”¥ ...
å¾ˆå¥½å– æˆ‘æœ‹å‹å–åˆ°çˆ›é†‰,"Very delicious, my friend is drunk until drunk"
è¶…è®šï¼ç‚’æ³¡éºµå¥½åƒ,It's amazing!Frying instant noodles delicious
é©åˆå­¸ç”Ÿå¤œé–“æš¢é£²çš„å¥½åœ°æ–¹ï½,Suitable for students to drink at night ~
"æœƒé™ªèŠå¤©ï¼ˆï¼Ÿï¼‰
å¿ƒæƒ…é‚„æŒºå¥½çš„","Will chat with (?)
I feel pretty good"
ç²¾ç·»æ–™ç†ï¼Œæ°£æ°›æ‚ é–’ã€‚,"Exquisite cuisine, leisurely atmosphere."
å†è¦‹ï¼Œæ˜¯çœŸçš„è·Ÿä»Šæ™šçš„æœˆäº®èªªå†è¦‹,"Goodbye, I really say goodbye to the moon tonight"
åº—å“¡è¦ªåˆ‡ï¼Œé…’ä¹Ÿä¸éŒ¯,"The clerk is kind, and the wine is also good"
èª¿é…’å¸«ç´°å¿ƒ é…’å¾ˆå¥½å–,The bartender is very delicious and delicious
é¤é»ä¾¿å®œå¥½åƒï¼Œç’°å¢ƒå–®ç´”ã€‚,"The meal is cheaper and delicious, and the environment is simple."
è«‹è¨˜å¾—æ›´æ”¹ç‡Ÿæ¥­æ™‚é–“å…çš„èª¤å°å®¢äººæ’²ç©º,Please remember to change the business time from misleading guests
é…’é¡å¥½å–ï¼Œæ±è¥¿å¥½åƒ,"The wine is delicious, the things are delicious"
"ç‚¸ç‰©æ‹¼ç›¤å¥½å¥½åƒ
å› ç‚ºæ˜¯æ—å®¶é™è«‹çš„","Fried objects are delicious
Because it was asked by the Lin family"
æ”¿å¤§å¤±æˆ€å¥½å»è™•ï¼ˆå¤±æˆ€çš„ä¸æ˜¯æˆ‘*Â°âˆ€Â°ï¼‰,Zhengda lost in love and go (I am not in love with me*Â° âˆ€ Â°)
ç‚’é£¯å¥½åƒã€ä¸‹æ¬¡å†ä¾†ï¼ï¼,"The fried rice is delicious, come again next time!Intersection"
ç†±ç‚’è®š æsiré ­é«®å¾ˆå¸¥,He hotly praised Li Sir's hair very handsome
å•¤é…’å¥½è®š,Beer
èª¿é…’å“¥å“¥äººçœŸå¥½,Blooming brother is so nice
ç‚’é£¯å¥½åƒï¼,Frying rice is delicious!
é›é¬§è±†è…å¥½å¥½åƒï¼,Chicken tofu is delicious!
ç‚’é£¯å¥½åƒ,Frying rice delicious
å¥½åƒå¥½å– å€¼å¾—å†å…‰é¡§,"It's delicious and delicious, it is worth visiting"
é…’å®Œå…¨æ²’é…’æ„Ÿã€‚,There is no wine at all.
å¥½ã„ å¸¸ä¾†,"Okay, come often"
è¶…å¥½åƒ shotè¶…è®š,Super delicious shot
Bartender é€shotè¶…è®š,Bartender to send shot
Iåº—å“¡å¥½å¸¥ è®šå–”,I shop clerk so handsome
å¥½å–ğŸ‘æ±è¥¿å¥½åƒğŸ‘ â€¦,It's delicious ğŸ‘ ğŸ‘ ğŸ‘ ...
åº—å“¡äººè¶…å¥½çš„uwu,UWU of the clerk super good
é©åˆè·Ÿæœ‹å‹èšæœƒï¼,Suitable for gathering with friends!
è¶…è®šçš„é¤é£Ÿï¼ŒåŠ›æ¨ã€‚,The superb meals are pushing.
æ¨è–¦ æœå‹™è¶…å¥½,Recommended service is super good
é©åˆèšæœƒçš„å¥½åœ°æ–¹,Suitable for a good place
å¾ˆchillçš„æ™šä¸Šï¼è¬è¬ï¼,Very Chill night!Thanks!
æœå‹™æ…‹åº¦éå¸¸å¥½,The service attitude is very good
QQçƒå¾ˆè®š,QQ ball is great
è¶…ç´šå¥½åƒï¼,Super delicious!
æ°£æ°›è¶…æ£’çš„~,The atmosphere is great ~
è®šï½,Praise ~
æ–¹ç¿Šè±ªå¾ˆå–œæ­¡,Fang Yanhao likes it very much
èª¿é…’å¾ˆæœ‰è¶£,Blooming is very interesting
è¶…è®šï¼,It's amazing!
åº—å“¡å¸¥,Handsome
ç¢ºå¯¦å¥½,Really good
ä¸éŒ¯ï¼,good!
è®š,praise
ğŸ˜„â¤ï¸ğŸ‘ â€¦,ğŸ˜„â¤ï¸ğŸ‘ â€¦
è®š,praise
è¶…è®š,Pretty
è®š,praise
ç¾å‘³çš„é£Ÿç‰©å’Œæ°›åœã€‚ç¸½çš„ä¾†èªªï¼Œæˆ‘èªç‚ºä»–å€‘é£²æ–™ä¸­çš„é…’ç²¾å«é‡ç›¸ç•¶ä½ã€‚,"Delicious food and atmosphere.In general, I think the alcohol content in their drinks is quite low."
é€™æ˜¯ä¸€å®¶å¾ˆæ£’çš„å°åƒåº—ï¼Œå·¥ä½œäººå“¡ä¹Ÿå¾ˆå‹å¥½ï¼æ”¿æ²»å¤§å­¸é™„è¿‘é›£å¾—ä¸€è¦‹çš„é…’å§ã€‚å¼·çƒˆæ¨è–¦ç‚¸è–¯æ¢,"This is a great snack bar, and the staff is also very friendly!A rare bar near the University of Politics.Recommend French fries strongly"
"è¶…ç´šå‹å¥½çš„æœå‹™å’Œç¾å‘³çš„é£Ÿç‰©ã€‚éå¸¸éˆæ´»å’ŒåŒ…å®¹ã€‚æº«é¦¨çš„æ°›åœã€‚
æˆ‘ç‰¹åˆ¥å–œæ­¡ä»–å€‘å¯æ„›çš„é‡‘å­—å¡”å½¢ç‹€çš„ç‚’é£¯ã€‚","Super friendly service and delicious food.Very flexible and tolerant.A warm atmosphere.
I especially like their cute pyramid -shaped fried rice."
æˆ‘ä¸å–é…’ä½†é£Ÿç‰©è¶…å¥½åƒ,I donâ€™t drink but the food is so delicious
é£²æ–™å’Œé£Ÿç‰©éƒ½å¾ˆç¾å‘³ï¼,Drinks and food are delicious!
å¾ˆä¸éŒ¯ã€‚æ°£æ°›å¾ˆå¥½ã€‚å¥½ä¸»äººã€‚ç¾å‘³å°åƒ,very nice.The atmosphere is very good.Good master.Delicious snack
é£Ÿç‰©å¾ˆæ£’ï¼Œèª¿é…’å¸«æ“…é•·èª¿è£½é›å°¾é…’ï¼Œæ°£æ°›/å…¶ä»–é¡§å®¢ä¹Ÿå¾ˆå¥½ã€‚,"The food is great. The bartender is good at preparing cocktails, and the atmosphere/other customers are also very good."
"èª¿é…’å¸«è¶…ç´šniceğŸ«¶ğŸ»æœ€å¾Œå›è¨ªé‚€è«‹æ¯äººä¸€ç“¶ğŸ˜
æ‰€æœ‰çš„èª¿é…’å¸«éƒ½å¾ˆå‹å–„ï¼Œæˆ‘å¼·çƒˆæ¨è–¦å®ƒğŸ¥º â€¦","The bartender super nice çº§ Last return visit to invite a bottle of each person ğŸ˜
All bartenders are very friendly, I strongly recommend it ..."
é£Ÿç‰©å¥½åƒè·Ÿç”Ÿå•¤é…’å¾ˆæ­ï¼,The food is delicious with raw beer!
ä»–é€æˆ‘shot é…’ä¹Ÿå¥½å–ï¼šï¼‰,He gave me a shot wine and it was delicious :)
èª¿é…’å¸«éå¸¸å¥½ã€‚ ï¼šï¼‰ æ¨è–¦ï¼,The bartender is very good.:) recommend!
æ–°é…’å§ä¸éŒ¯ï¼Œç†±æƒ…å¥½å®¢,"The new bar is good, enthusiastic hospitality"
é£Ÿç‰©å¥½åƒï¼Œé…’å¾ˆå¥½å–,"The food is delicious, the wine is delicious"
é¦™è•‰å¥¶é…’æ¨æ¨ğŸ‘,Banana milk wine push é…’
ğŸ¥¹ â€¦,ğŸ¥¹ â€¦
å¥½çš„,OK
åˆ’ç®—ï¼Œå¥½åƒã€å¥½å–,"Costful, delicious, delicious"
å¥½å–,Delicious
å¾ˆæ£’,great
å®µå¤œå°èšï½,Supreme Gather ~
å¥½åƒ,tasty
å‰å¤§çš„ï¼é›£ä»¥ç½®ä¿¡ï¼,Great!incredible!
æœ€å–œæ­¡çš„é…’å§â¤ï¸,Favorite Bar â¤ï¸
é…’å¥½å–ï½ï½,The wine is delicious ~~
è¶…çˆ½,Super cool
é…’å¾ˆå¥½å–ï¼,The wine is delicious!
å¥½æ£’,Great
å¥½å§ ï¼,All right !
é…’éå¸¸å¥½å–,Wine is very delicious
(à¹‘â€¢Ì€á„‡â€¢Ì) âœ§,(à¹‘ â€¢ Ì€ á„‡ â€¢ Ì) âœ§
é…’å¥½å–,Wine
æ°´,water
è±ªåƒè±ªå–ï½,Drink Hao Hao ~
Bartenderæ¨æ¨ï¼,Bartender push!
æ¬£è³å®ƒï¼,Appreciate it!
è‰²ç´ æ±½æ°´,Pigment soda
å¥½æ£’å¥½æ£’\(â‰§â–½â‰¦)/,Great and great \ (â–½ â–½ â‰¦)/
å¤ªæ°´äº†,Too watery
