Original,EN,Needs Review,Positive,Negative,Neutral,Compound
"生蠔我是直接給1200分
吃爆就對了，肥又鮮
牆上啤酒🍻都好喝
其中玉荷包啤酒，甜酸甜酸，妹子比較愛
當然星夜一定要喝long island 大師
絕對讓你對面普妹變辣妹
普男變阿湯哥（好老

一樓適合老友大聊天
二樓適合約會，看調酒🍹","Oyster, I give 1200 points directly
It's right to eat explosion, fat and fresh
Beer on the wall is delicious
Among them, Yuhe Bao Beer, sweet, sour and sour, girls love
Of course, Xingye must drink Master Long Island
Absolutely let you change your girl opposite
Pucon becomes A Tange (so old -fashioned

The first floor is suitable for old friends to chat
The second floor is suitable for dating, watch the wine tuning 二",False,0.189,0.0,0.811,0.946
酒還有餐點都超讚！下次絕對會再來(⁎⁍̴̛ᴗ⁍̴̛⁎),Wine and meals are superb!I will definitely come again next time (下),False,0.214,0.0,0.786,0.4574
店員親切又可愛，酒跟食物都很不錯！,"The clerk is kind and cute, and the wine and food are very good!",False,0.473,0.0,0.527,0.8716
"這裡有超級好吃的水餃！！！！！ 大推😆😆
吃完才發現到沒照相！！

這四個，店家送的😆😆","There are super delicious dumplings here!IntersectionIntersectionIntersectionIntersectionBig Push
After eating, I found that I didn't take pictures!Intersection

These four, the store sent 店",False,0.287,0.046,0.667,0.8353
"📌可訂位
📌不提供刷卡
📌平日低消一杯飲品，假日低消每人$500

原址在靠近當代藝術館那邊的巷弄地下室 這天走到那才發現已經搬家
一樓像是運動酒吧 二樓比較是安靜聊天喝酒的氛圍
這天沒預約被帶到二樓靠角落的位置 不過直到離開其他位置也沒有坐滿 兩人帶著包包在角落比較沒這麼舒適 也沒有提供放包包的籃子 建議要訂位
酒單調酒選項不是很多 東方美人茶酒還不錯
反倒是食物令人印象深刻 提拉米蘇很好吃 是專賣甜點店的水準 煙燻鴨胸香氣跟嫩度也不錯 就是泡菜醋的酸味非常重","📌 📌 📌 📌
📌 Do not provide a credit card
杯 Low a cup of drinks on weekdays, and low -eliminate on holidays for $ 500 per person

The basement of the original site near the contemporary art museum came to the basement of the alley and found that I found that I had moved.
The first floor is like a sports bar on the second floor. The atmosphere of chatting and drinking quietly
I did n’t make an appointment to be taken to the second floor to rely on the corner, but I did n’t sit on the other position and did n’t sit on the corner. It ’s not so comfortable or provided that the bag was not provided.
Wine single bartending options are not many Oriental beauty tea wines pretty good
On the contrary, the food is impressive. It is very delicious. It is very delicious.",False,0.161,0.075,0.765,0.9544
"聊天喝酒的好地方🥰
酒中規中矩，算便宜
滿有特色很令人放鬆，位子不多空間大不會有擁擠的感覺，環境很棒","A good place for chatting and drinking 酒
The wine is well, it is cheap
Full of characteristics, very relaxed, there is not much space for seats, there will be no crowded, the environment is great",False,0.275,0.048,0.677,0.8858
"和朋友一起來探店，住在附近，一直都沒有來這邊踩點，是一間隱身在地下室的酒吧；有低消&另收10%服務費。
雖說在地下室，但空氣流通不會悶熱，不過場地不大，桌與桌之間距離比較小，店家每一桌都會放上小燈飾點綴，頗為可愛。

因為已經吃飽了，所以我們就簡單的點了兩杯調酒，Long island 有依照酒精濃度分級，我們選了大師版 $460與友人點的一杯調酒，不過當天不知道為何出酒速度偏慢，喝完之後我和同行友人都有起酒疹，同行友人的酒有請店家調整口味，因為原本的喝起來有點像感冒糖漿⋯

因為我們趕時間所以喝完就先離開了，覺得店家走的風格是溫馨小聚風，給我的感覺很像置身在墾丁大街，看評論抱著期待來，不過最後覺得有點失望，下次有機會會想再試一次並吃看看餐點。","Come to visit the shop with friends, live nearby, and have never come here to step on. It is a bar hidden in the basement;
Although in the basement, the air circulation will not be stuffy, but the venue is not large, and the distance between the table and the table is relatively small. Each table of the store will be decorated with small lights, which is quite cute.

Because we were full, we simply ordered two glasses of bartending. Long Island was classified according to the concentration of alcohol. We chose a master version of $ 460 and a cup of bartending with friends. After drinking, I and my friends and I have rashes. I ask the wine to ask the store to adjust the taste, because the original drinking is a bit like a cold syrup ...

Because we were in a hurry, we left first after drinking. I think the style of the store is warm and small. It feels like being on Kenting Street. I look forward to the comments. If you have a chance, you will want to try again and eat for a meal.",False,0.145,0.0,0.855,0.9827
"食物跟酒都非常讚！朋友點了東方美人茶酒，茶味是偏淡了一點但是喝起來很順，很適合愛喝茶但不想要酒精味太濃的朋友嘗試，我點了long island高階版真的就很好喝，喝起來很順也有起到微醺作用～食物的部分點了一份燻肉拼盤(pastrami+salami)，一份330我覺得以台灣價格來說不貴（可能歐洲還會附上起司就是了）男店員還很貼心的來幫們炙燒了pastrami，香氣滿點。
環境整體是很熱鬧的尤其是週末晚上，店內是客滿的狀態，兩人座位篇擁擠跟隔壁桌距離大概就50公分，但卻不失那種很chill的氛圍，用餐環境偏暗店家會在桌上放一盞小燈，店家有提供訂位服務建議不管平、假日都還是訂位前往比較好～

值得一提是大部分的小餐酒館都沒有提供刷卡服務但是這家有，我覺得這點不錯，唯一可惜的是店員的態度好像是對熟客才會熱心一點，我跟朋友第一次前往，也有可能是座位擁擠店員就不會特別跟我們介紹餐點，甚至因為我遲到大約5分鐘，朋友一個人自己坐在桌上到事後我來了我們都點完餐了，桌上都還沒有放燈，還是我們特別請店員幫我們擺上來的，服務態度沒有不好但對第一次來的或也有可能只來一次聚餐的客人會比較冷淡一點（會努力成為熟客的？），若是喜歡熱心接待的人可能要考慮一下，但若不介意的話整體用餐體驗是還不錯的～","Food and wine are very good!My friend ordered the Oriental Beauty Tea. The tea taste is a bit lighter, but it is very smooth. It is very suitable for friends who love to drink tea but do not want the alcohol. It also has a slight role in drinking ~ The food part of the food has a Pastrami+Salami, and a 330 I think it is not expensive in Taiwan's price (maybe Europe also attach a cheese to a cheese is just a cheese is just a cheese is a cheese. ) The male clerk was also very intimate to help the Pastrami, and the aroma was full.
The environment as a whole is very lively. Especially on weekends and nights, the store is full of state. The two people's seats are about 50 cm and the distance from the next table is about 50 cm, but it does not lose that kind of chill atmosphere. There is a small lamp on the table. The store has a reservation service suggestion. It is better to go to the reservation on the holidays.

It is worth mentioning that most small meal taverns have not provided card swiping services, but this one has it. I think this is good. The only pity is that the attitude of the clerk seems to be enthusiastic about cooked customers. It may also be that the crowded shop clerk will not introduce me meals in particular. Even because I am late for about 5 minutes, my friends sit on the table alone until I came after the meal. Lights, we still invite the clerk to help us put it up. The service attitude is not bad, but the guests who come to the first time may be more indifferent to the first time (will you work hard to be a cooked customer?), If you like enthusiastically, you like enthusiastically The reception person may consider it, but if you don't mind, the overall dining experience is not bad ~",False,0.197,0.028,0.776,0.9971
沙發好坐🛋️ 適合與姐妹喝酒聊天 還會有隔壁桌的帥哥&bartender請喝shot🎈🎈🎈🎈,"Sofa is good 合️ Suitable for drinking and chatting with sisters and handsome guys with the next table & Bartnder, please drink shot🎈🎈🎈🎈",False,0.259,0.0,0.741,0.8126
"空間氣氛不錯、服務態度也很棒
時間比較早的時候過去，因為點比較多餐點
雖然只有兩個人，但店員有幫我們併桌
讓我們使用更多的空間

但是調酒的部分，不論是既有款或者特調
我和朋友都沒有很喜歡~🥲
餐點是很棒、服務很棒、氣氛也很讚
只是調酒可能沒有很合我們的胃口~
但是大家還是可以來嚐嚐
每一間的風格還是不同的唷💚

這是一間我和朋友走在路上被吸引的酒吧
我相信他還是有自己的風格和魅力在的💚","The space atmosphere is good, the service attitude is also great
Time passed early, because some meals are more meals
Although there are only two people, the clerk has helped us to the table
Let us use more space

But the bartending part, whether it is existing or special
Neither and I don't like it very much ~ 没有
The meal is great, the service is great, and the atmosphere is also great
It's just that bartending may not fit our appetite very much ~
But everyone can still taste it
Each style is still different 💚 💚 💚

This is a bar where I and my friends walk on the road
I believe he still has his own style and charm.",False,0.299,0.032,0.669,0.9942
"乍看覺得裡面很黑
但會再給一個燈所以其實還好

氣氛很舒服
酒很好喝
提拉米蘇的酒味超濃
地瓜酒冰淇淋也超特別非常濃很好吃

可以街口
不怕喝到現金不夠","At first glance, it feels dark inside
But I will give another light so it's okay

The atmosphere is very comfortable
Wine is delicious
Tiramisu's wine taste is super strong
Sweet potato wine ice cream is also super particularly very strong and delicious

You can
Not afraid to drink cash enough",False,0.504,0.0,0.496,0.9934
"每次經過都覺得地下一樓怎麼會有店？原來是一間小酒吧，氣氛很不錯，但是覺得有點太暗了。
調酒好喝，食物也好吃，有機會一定會再光顧喲。","Every time I pass through, how can there be shops on the first floor of the ground?It turned out to be a small bar, the atmosphere was very good, but it was a bit too dark.
The bartending is delicious and the food is delicious. If you have the opportunity, you will be patronized again.",False,0.238,0.0,0.762,0.9509
"熱紅酒不錯喝 長島冰茶覺得有點藥水感不太確定是怎麼回事

熱食部分滷味倒是不錯吃","Hot red wine is good to drink Changdao ice tea, it feels a little bit of potion, it is not sure what is going on

The hot food part is good to eat",False,0.154,0.052,0.794,0.5911
"一店位於地下室內，樓梯旁搖晃閃爍的光芒，滿滿的溫馨氣氛，在店內抬頭就可以看到路面上的人們來回穿梭著！
⁡
店內有大投影幕，很適合跟朋友來一起看比賽
還有一架直立鋼琴，也許有活動時會用到
⁡
這次喝了輕酒精的黑醋栗蘇打，果香四溢順口好喝，推薦想輕酌ㄧ下的朋友嘗試，還有很多種水果口味的蘇打！
⁡
▸店內招牌東方美人茶酒，單純好奇味道點了杯，在入喉後會有一股微微茶香在喉頭環繞。
⁡
✤ 小巷酒吧推推
另外一間在附近","A shop is located in the basement, and the stairs shake and flash, full of warm atmosphere. When you look up in the store, you can see the people on the road walk back and forth!
Bleak
There is a big projection screen in the store, which is very suitable for watching the game with friends
There is also a upright piano, maybe it will be used when there is activities
Bleak
This time I drank the light alcohol black vinegar chestnut soda. The fruity fragrance was delicious. It is recommended that friends who want to try lightly to try, and there are many kinds of fruit flavors of soda!
Bleak
美 美 ▸ ▸ ▸ ▸ ▸ ▸ ▸ ▸ ▸ ▸ ▸ ▸ ▸ ▸ ▸ ▸ ▸ ▸ ▸ ▸ ▸ After entering the throat, there will be a micro -tea fragrance surrounded by the throat.
Bleak
✤ Lane Bar Push
The other is nearby",False,0.092,0.01,0.898,0.915
"根本是甜點店吧
甜點優 調酒的話特調要先問風味 例如綠光森林非常甜 如果配甜點可能會膩 此外經典調酒基本都下的算重 酒量斟酌
而調酒整體只能說不好不壞 疏失跟亮點皆無 若要追求優秀調酒品質請去其他調酒名店

整體環境氣氛佳 價格親民
體驗舒服 回訪可能高","It's a dessert shop at all
If the dessert excellent bartending, you must first ask the flavor. For example, the green forest is very sweet. If it is equipped with desserts, it may be tired.
The overall bartending can only be said to be bad, bad, negligence, and highlights.

The overall environmental atmosphere is good, the price and the people
Experience comfortable visits may be high",False,0.161,0.121,0.719,0.5095
"很讚的溫馨小酒吧🥺👍
調酒的選擇是比外面專業酒吧少了一點
但不影響這裡很優質的事實
因為食物都很好吃！(;´༎ຶД༎ຶ`)！！
-
📌提拉米蘇是濃厚系大人口味 糕體被浸得很濕潤 咖啡味跟酒味都很明顯
📌披薩是類似薄脆餅皮那種 口味則是問店家當天有什麼 吃過兩次 都很喜歡！
📌煎餃 就是煎餃 🉑️點來陪著酒吃
📌調酒 要是有特別想喝的味道可以去找調酒師商量 人都好好🥺👍","A great warm little bar 馨
The choice of bartending is a little less than the professional bar outside
But it does not affect the high -quality fact here
Because the food is delicious!(; ``)!Intersection
-
浓 Titramisu is a strong -looking cake body soaked in wet coffee flavor and wine taste
Pizza is similar to the flavor of crispy cake skin, but I like what the store has eaten twice that day!
煎 Fried dumplings are fried dumplings 🉑️ Click to accompany the wine to eat
别 If you have a special taste you want to drink, you can find the bartender to discuss people.",False,0.182,0.023,0.795,0.9671
雖然這間店位於我前去京站時多半會經過的地方，本來還以為是民宅呢，後來知道是店家，但一直沒有想進去的想法……白天這裡是一間叫做「波希米亞人」的老咖啡店，晚上才是酒吧；儘管初訪前不是很敢走進門內（不知道在緊張什麼），不過沒什麼事是2杯黃湯不能解決的，如果不行，那就3杯（喂）。,"Although this store is in half where I went to Beijing Station, I thought it was a residential house. Later, I knew it was a store, but I never thought I wanted to enter ... During the day, it was a ""Bohemianer during the day. The old coffee shop is the bar at night; although I do n’t dare to enter the door before the first visit (I do n’t know what is nervous), there is nothing that 2 cups of yellow soup cannot be solved. If not, then 3 cups (fed) Essence",False,0.0,0.051,0.949,-0.5955
很有氣氛的店，溫馨平易近人的舒適，店員都帶著笑容很親切，餐點都不錯，調酒也有店的特色。每個桌子都有氣氛燈。👍 …,"A very atmospheric shop, warm and easy to be comfortable, the clerk is very kind with a smile, the meals are good, and the bartending also has the characteristics of the store.Each table has an atmosphere light.👍 👍 ...",False,0.327,0.0,0.673,0.9473
"提拉米蘇很好吃！我點的是東方美人茶酒，說不上來是否喜歡這杯酒，不過最後順順的喝完了！
整體氣氛很好，我們到訪這天 10 點前的客人不多，相對滿安靜的，很適合與朋友放鬆的邊喝邊聊天。","Tiramisu is delicious!I ordered the Oriental Beauty Tea. I ca n’t say whether I like this glass of wine, but I finished drinking smoothly!
The overall atmosphere is very good. There are not many guests visiting this day before 10 o'clock. They are relatively quiet and are suitable for chatting with friends to chat with friends.",False,0.254,0.0,0.746,0.954
環境相當好完全沒有煙味 廁所也很乾淨 座位有吧檯沙發跟桌位 調酒好喝 口味可以調整 或是跟櫃檯說想要的口味也可以直接調menu以外的酒 服務很有友善 價格方面相當合理 下次想試試水餃和經典調酒,The environment is quite good. There is no smoke -flavored toilet. The seat is very clean. I want to try dumplings and classic bartending next time,False,0.24,0.109,0.651,0.6428
梅酒調酒，提拉米蘇酒味很濃但沒有給的shot濃😏,"Plum wine bartender, Tiramisu wine is very strong but not given shot.",False,0.173,0.0,0.827,0.3174
"長島冰茶真的一言難盡⋯⋯和橙汁加伏特加的味道一樣吧• 熱紅酒還好，有點澀澀的
環境氛圍不錯，只是不知道為什麼在放體操節目😂感覺不太搭
喝氛圍的來這裡吧，真的想要喝好喝的酒就算了","It is really hard to say that the long island ice tea is really good. It tastes like orange juice plus vodka • Heat wine is okay, a bit astringent.
The atmosphere of the environment is good, but I don’t know why I don’t feel very good at placing gymnastics programs.
Come here with the atmosphere, you really want to drink delicious wine",False,0.247,0.018,0.735,0.9444
"隱藏在北車巷弄的小酒吧。
因為在地下室所以比較少人知道，這次是第一次拜訪。
酒的價格稍高．大約在300-450之間。
Shot有做買五送一的優惠，一杯是120元。
/
本次點了大師長島冰茶（酒精濃度高）跟Shots。
個人覺得長島冰茶非常優秀。
跟其他店家的長島冰茶比，這家有獨特的柑橘（柳丁？）的香味。
喝起來非常順口，但酒精濃度也是相當的濃。
真的非常過癮 :)

Shots的部分也不錯，但相較於長島冰茶就略顯遜色。
黑醋栗的Shot有點太甜，比較不合我的口味．
Tequila的Shot在杯緣會撒鹽巴，有點像Margarita的口味。

整間店的裝潢很乾淨、舒適也滿溫馨。
每個桌上都會有一盞很漂亮的燈，很可愛。
調酒師也很專業，看得出他對酒的熱忱跟知識。

很推薦的一間小酒吧，可以來試試看！","Bar hidden in the nest of Beiphane Lane.
Because I know in the basement, I know that this time is the first visit.
The price of wine is slightly higher.About 300-450.
SHOT has a discount for buying five get one free, one cup is 120 yuan.
/ /
This time I ordered the master Long Island Ice Tea (high alcohol concentration) and Shots.
Personally, I think Long Island Ice Tea is very good.
Compared with other stores' Long Island ice tea, this unique fragrance of citrus (Liu Ding?).
Drinking is very smooth, but the concentration of alcohol is also quite strong.
Really enjoyable :)

The part of Shots is also good, but it is slightly inferior to Long Island ice tea.
The Shot of Black Vinegar is a bit too sweet, and it doesn't fit my taste.
Tequila's Shot will sprinkle salt at the cup, a bit like Margarita's taste.

The decoration of the entire store is very clean, comfortable and warm.
There will be a very beautiful lamp on each table, which is very cute.
The bartender is also very professional, and he can see his enthusiasm and knowledge about wine.

A small bar that I recommend, you can try it!",False,0.234,0.023,0.743,0.9952
氣氛佳，餐點美味，重點調酒好喝！,"Good atmosphere, delicious meals, and be alcoholic!",False,0.58,0.0,0.42,0.784
"最基本的琴酒三合一380+10%
完全喝不下去 很久沒有喝到這麼難喝的酒...很水、酸甜調得很差、混和也沒做好","The most basic piano wine three -in -one 380+10%
I ca n’t drink it at all for a long time, I did n’t drink such a difficult wine ... Very water, sweet and sour, poorly tuned, and did n’t mix well.",False,0.117,0.054,0.828,0.4364
"夏天晚上坐在二樓沙發很悶熱
加上喝酒後更熱 朋友們都非常不舒服
問店員是否有開冷氣
得到的回答是‘我們也很熱’ 然後就走了
這樣的回應和態度令人傻眼
離開時發現一樓冷氣是正常的
老闆稱二樓冷氣已經壞兩週沒修好
這樣還開放二樓營業？","Sitting on the second floor in the summer night is very sultry
In addition, the hotter friends are very uncomfortable after drinking
Ask the clerk if there is air conditioning
The answer I got was ‘We are also hot’ and then left
Such response and attitude are dumbfounded
When leaving, I found that the air conditioning on the first floor is normal
The boss said that the air -conditioning on the second floor has not been repaired for two weeks.
Is it still open on the second floor?",False,0.033,0.059,0.908,-0.3384
"在轉角處沿著小樓梯走下去挺新奇的店，熱紅酒很順很好喝～那天跟朋友點了shot, 不知道大家為什麼都喝不醉⋯🤣 …","It was a novelty shop along the corner along the corner, and the hot red wine was very good and delicious ~ I ordered the Shot with my friends that day. I don’t know why everyone drinks it.",False,0.227,0.0,0.773,0.8822
"夏天就已經很熱了
冷氣卻一點都不涼非常的熱
別桌客人先跟店員反應很熱了
過了一陣子我們也受不了也反應了很熱
得到店員的回覆卻只是
「我們也覺得很熱」
然後整間酒吧就一起繼續熱下去
這裡是酒吧耶
喝酒本來就會熱了
給這種爛回覆的處理方式合理嗎","Summer is already very hot
It's not cold at all, it's very hot
Don’t be a table guest to respond to the clerk very hot first
After a while, we couldn't stand it and it was very hot
The reply from the clerk is just
""We feel very hot too""
Then continue to heat up the whole bar together
This is the bar
Drinking will be hot
Is it reasonable to give this bad response?",False,0.0,0.053,0.947,-0.628
店員親切，迷醉紫夜星空很順口好喝！,"The clerk is kind, and the fascinating purple night starry sky is very smooth and delicious!",False,0.462,0.0,0.538,0.9033
下次會再訪,Will visit again next time,False,0.0,0.0,1.0,0.0
"大人版的提拉米蘇酒香具有，
甜味剛好~
抹茶版提拉米蘇非常抹茶！
很好吃~解酒的甜~
酒點了奶酒特調，
請櫃檯的調酒師的佳作，
不過真的是醉了，
所以忘記照相，
大概就是傻笑領航~","The adult version of the Tiramisu wine has a fragrance,
The sweetness is just right ~
The matcha version of Tiramisu is very matcha!
Very delicious ~ Sweet and sanitary sweetness ~
The wine was ordered,
Please make a masterpiece of the bartender at the counter,
But it's really drunk,
So forget to take pictures,
Probably just smirk piloting ~",False,0.185,0.1,0.715,0.4907
"隱身在中山區的二樓的咖啡廳
感受到店家的用心
在中山區這種一級戰區有這樣的隱密小店，超棒
飲品甜點都在水準之上
很推薦～
白天是咖啡廳，晚上是酒吧","Hidden in the cafe on the second floor of Zhongshan District
Feel the intention of the store
There are such hidden shops in this first -level war zone in Zhongshan District, superbopable
Drink desserts are all above the level
Very recommended ~
During the day is a coffee shop, and the bar at night",False,0.036,0.067,0.897,-0.4228
"位於地下室，氣氛算不錯的小酒館，位置不算多，不過人也不會太多，有種悠閒感。有大螢幕播放體育賽事，應該會是看球賽很棒的選擇。
飲品選擇不少，除了調酒、啤酒、SHOT等酒類外，也有咖啡、冰沙等許多無酒精飲料可喝，應該可以滿足多數人，調酒價格略高，這次點了東方美人茶酒，茶味比想像中淡但好喝。","Located in the basement, there are not many taverns with good atmosphere. There are not many locations, but there are not too many people, and there is a sense of leisure.There are big screens to play sports events, and it should be a great choice for watching the game.
There are a lot of drinks. In addition to alcoholic, beer, and shot, there are also many alcoholic drinks such as coffee and smoothies to drink. It should be able to meet the majority of people. Tea flavor is lighter but delicious than expected.",False,0.15,0.0,0.85,0.9497
"點三杯調酒一塊提拉米蘇
中規中矩的經典調酒，signature 種類不多(可能沒寫在酒單？)，味道四平八穩但酒都下蠻重，沒有多餘的garnish。跟其他調酒名店(安慰劑、bar mood等等) 比起來就少了層次和驚喜，不過就是安全牌啦至少好喝順口，也因此我覺得調酒的價格(350 up + 10%) 稍稍貴一點。
酒鬼提拉米蘇非常好吃，大推。
另外幾位店員都很有氣質，搭配店裡氣氛讓人感覺非常舒服，還是值得偶爾來喝喝。","Click three cups of bartending a piece of Tiramisu
There are not many types of signature (maybe not written in the wine list?), The taste is smooth, but the wine is quite heavy. There is no extra Garnish.Compared with other alcoholic shops (placebo, Bar Mood, etc.), there are fewer levels and surprises, but the safety cards are at least delicious, so I think the price of bartender (350 up + 10%) is slightly more expensive a little.
The alcoholic Tiramisu is very delicious and pushes.
Several other clerks are very temperamental. The atmosphere in the store makes people feel very comfortable, and it is worth drinking occasionally.",False,0.188,0.022,0.79,0.972
"環境我喜翻🤩也沒菸味👍🏽
還可選擇你想要的調酒酸甜酒精濃度🥃
不過喝10分之3我就差不多快茫了
服務人員態度真的非常棒👏👏 …","I like the environment, there is no smoke flavor 👍🏽
You can also choose the concentration of alcoholic and sweet wine you want 🥃
But drinking 10 minutes, I am almost fast
The attitude of the service staff is really great ...",False,0.201,0.029,0.769,0.8552
走不出去的酒吧，擁有豐富藏酒，喜歡純飲的人不要錯過這裡，是個挖寶的好地方。調酒師老闆言談中是個對原酒擁有熱情的人，可以得到很多知識與經驗分享，這裡絕對是我最喜歡的店家之一！,"The bar that can't go out, have rich Tibetan wine. People who like pure drinks should not miss this. It is a good place to dig for treasure.The bartender owner's conversation is a person who has enthusiasm for the original wine. He can get a lot of knowledge and experience sharing. This is definitely one of my favorite stores!",False,0.328,0.0,0.672,0.9699
"在地下室內很隱密也很特別
老闆很親切的跟我們介紹酒
氣氛很cozy，適合情侶好友聚聚
調酒蠻好喝的，有些好喝到會忘了它酒精濃度很高XD","It is very secret and special in the basement
The boss introduced wine with us very kindly
The atmosphere is very cozy, suitable for couple friends to gather
The bartending is pretty delicious, some are delicious enough to forget its alcohol concentration is very high XD",False,0.385,0.029,0.586,0.9752
"很有氛圍的酒吧 附近交通也都蠻方便的
適合跟朋友小聚閒聊
酒水部分普通","Very atmospheric bars are also quite convenient
Suitable to chat with friends
Lounge part",False,0.193,0.0,0.807,0.4767
位在半地下室的復古空間，燈光有種朦朧的星空感，調酒份量足夠而且味道很棒，離車站很近，推薦夜晚放鬆小酌。,"Located in the retro space of the half basement, the light has a hazy starry sky, the amount of bartender is enough and the taste is great. It is close to the station. Recommended at night to relax.",False,0.201,0.0,0.799,0.8316
鐵娘子、山茶花必點！！絕對讓你印象深刻,Iron lady and camellia must be ordered!IntersectionDefinitely impressed you,False,0.298,0.0,0.702,0.5255
"中規中矩的一間店
店內氛圍很適合朋友小飲小聚
提拉米蘇走偏濕風格
一入口先衝的是酒香最後留在嘴裡的是咖啡香
起司拼盤適合邊聊邊配解饞
酒的部分感覺非專業但也沒有到差勁的程度
可回訪 令人感到滿放鬆舒適的地方","A regular shop
The atmosphere in the store is very suitable for friends to drink and drink
Tiramisu takes dampness style
When the entrance rushed to the wine, the wine was last in the mouth. The coffee fragrance was
Cheese platter is suitable for chatting while chatting
Part of the wine feels non -professional but it is not bad.
The return visit is full of relaxation and comfortable places",False,0.188,0.0,0.812,0.9433
"特色茶酒有點感冒糖漿的味道 偏普通
比較推基本經典款 長島冰茶等等
氣氛好、店員漂亮，適合三五好友聚會
店內裝潢很有特色～","The taste of special tea wine is a bit of a cold syrup.
Compare the basic classic long island ice tea, etc.
The atmosphere is good, the clerk is beautiful, suitable for three or five friends gatherings
The interior decoration of the store is very distinctive ~",False,0.227,0.0,0.773,0.9118
"店內環境十分放鬆，食物好吃，調飲好喝，整體是讓人感覺非常舒服的氛圍
提拉米蘇是少見的加入酒調味的款式，相當香醇可口
他們的披薩是屬於薄皮的類型，吃起來很脆很香，11吋吃起來不會太飽，分量剛好","The environment in the store is very relaxed, the food is delicious, and the drinking is delicious. The whole is a very comfortable atmosphere.
Tiramisu is a rare style to add wine seasoning, which is quite mellow and delicious
Their pizza belongs to the type of thin skin, and it tastes crispy and fragrant. It will not be too full of 11 inches. The weight is just right.",False,0.227,0.0,0.773,0.961
酒好喝、餐點也不錯，可以舒服聚會的地方,The wine is good and the meals are also good.,False,0.42,0.0,0.58,0.7003
位於地下室的Bar，環境舒適、服務親切，點Mojito的話，可愛的店員會唱歌喔！同行的友人當場被融化了❤,"Located in BAR in the basement, the environment is comfortable and kind. If you click Mojito, the cute clerk will sing!Friends who were colleagues were melted on the spot ❤",False,0.345,0.0,0.655,0.9348
舒適的小酒館，悠閒的氣氛，好喝的酒，適合下班後放鬆或是約朋友一起來！,"A comfortable tavern, a leisurely atmosphere, delicious wine, suitable for relaxation after get off work or asking friends to come together!",False,0.448,0.0,0.552,0.9299
平常不太敢喝酒，對酒精味覺得不愛。請店員推薦了像奶酒那樣很甜又低酒精濃度的酒類，然後得到了綠光森林跟grasshopper，真的超甜超順，推！,"I do n’t dare to drink alcohol, I do n’t like to love alcohol.The clerk asked the clerk to recommend wine with a very sweet and low alcohol concentration like milk wine, and then got the green forest and Grasshopper, which was really sweet and smooth, push!",False,0.305,0.039,0.656,0.9452
"女服務生很親切（唯一的優點
炸雞皮厚肉乾，還沒有餐具可以用
調酒更恐怖，身為酒鬼的我還只喝了一口
因為差點反胃到吐出來
茶味沒有掩蓋掉酒味，檸檬的酸也太突兀，再加上酒的品質。。。
喝完整個起雞皮疙瘩，趕快走人去漱口
覺得這800元的體驗完全不行啊","The female waiter is very kind (the only advantage
Fried chicken skin thick meat, no tableware can be used yet
I am more horrible, and as a wine ghost, I only took a sip
Because I almost vomited my stomach
The taste of tea does not cover the taste of wine, and the sour of the lemon is too abrupt, plus the quality of wine.EssenceEssence
Drink the goosebumps, hurry up and rinse your mouth
I think this 800 yuan experience is not enough",False,0.062,0.09,0.848,-0.3818
"不起眼，位在地下室的小酒吧。
各種調酒，價格實在味道佳。
接近2019尾聲的週日晚上近22點，人不多，連我們兩桌。
不吵不鬧，氣氛剛好適合聊天。
下次會試試看平日下班光顧。

A cozy bar located in B1 near the museum.
Not too busy for the last Sunday night of 2019.
It was around 22:00, there were 2 tables of customers including us.
The menu presents a wide selection of cocktail at a friendly price. What we ordered were authentic with great taste.
Ideal for groups looking for a good drink and a good place to chat during late night.

Will visit after work to try their food.","Incident, a bar in the basement.
Various bartending, the price is really good.
Nearly 22 o'clock on Sunday evening, at the end of 2019, there are not many people, even our two tables.
No noise or noisy, the atmosphere is just suitable for chat.
Next time, try to see the patron of get off work on weekdays.

A cozy Bar Located in B1 Near the Museum.
Not too busy for the last sunay night of 2019.
It was around 22:00, there was 2 tables of customers including us.
The menu presents a word selection of cocktail at a friendly. What we orderd we authentic with groat taste..
Ideal for Groups LOOOKING for A Good Drink and A Good Place to Chat During Late Night.

Will visit after work to try their food.",False,0.119,0.015,0.866,0.9314
"放鬆的小酒館
Mojito 很夠味
熱紅酒偏酸
甜點好吃","Relax
Mojito is delicious enough
Hot red wine is sour
Dessert delicious",False,0.534,0.0,0.466,0.8834
青蘋果特調真的好好喝！喜歡酸不愛甜的酒友們可以和bartender點喔！服務好環境乾淨廁所又香，值得回訪的一間店！推！,"The green apple is so delicious!Like sour wine friends can order with Bartender!The good environment is clean and the toilet is fragrant, and it is worth visiting a shop!push!",False,0.32,0.0,0.68,0.8949
去過這麼多次，從來沒有失望過！氣氛溫馨、餐酒美味的夜間限定小酒館。不僅適合單身獨飲，想要三五好友促膝小酌、或是多人歡樂聚會也不成問題！,"I have been to so many times, and I have never been disappointed!The atmosphere is warm and delicious at night.Not only is it suitable for single drinking alone, it is not a problem to want three or five friends to promote knee -knee to promote knee -to -knees, or to meet a happy party!",False,0.347,0.028,0.625,0.9659
不特別嗜酒的我，在這個神秘的地下小酒館嚐到雙頰微醺的小確幸，猜想愛喝酒的人應該會鍾愛它的！,"I am not particularly alcohol, and I have tasted a little luck in this mysterious underground tavern. I guess that people who love to drink should love it!",False,0.313,0.0,0.687,0.9081
"//這是一家被酒吧耽誤的甜點店//
當天是跨年前後的週末消費，每人低消五百，我們這次總共三個女生進去店裡消費，我和其中一位朋友常常pub crawl，另一位則是幾乎不太喝酒。
基本的第一輪大家點一杯調酒，三杯都不符合我們三個女生的期待，你所想得到的調酒藥水味/酒不夠濃常見的雷/普調酒我們都喝到了。
印象最深刻的是因為低消我們三個點第二輪，兩位好朋友分別點了原味提拉米蘇和抹茶口味的提拉米蘇，兩位朋友的提拉米蘇驚為天人，包含上面的粉及整體的口感綿密等等，都讓人不進再三確認這不是一家甜點店。我第二輪點了紅茶梅酒shot，菜單上還特別畫了符號表示這是招牌，我淺嚐第一口幾乎沒酒味，不喝酒的朋友喝一大口表示這真的很像果汁，後來我把剩下的整杯干掉，真的是我此生喝過最淡的shot，我只能說shot要這麼水也是極為罕見。

算是長安西路酒吧的常客，如果想用同樣價位買醉/微醺/喝好喝的調酒，你絕對有更多的選擇:
*暢飲推薦S*** M*** BAR，基本款不雷，推薦Jasmine lover，氣氛好裡面可以唱歌。
*新鮮水果系可以考慮京站隔壁的Bar E******，水果酒都會是新鮮現削的水果，自釀梅酒shot是真的好喝，缺點是有低消且位子小了一點
*另外在I****推薦一個紹興調酒算比較少見有特色的，桌邊服務一極棒","// This is a dessert store delayed by the bar //
The day was the weekend consumption around the New Year. Each person disappeared 500. We went to the store for consumption in total this time. I often Pub Crawl and one of them often Pub Crawl, and the other was hardly drinking.
In the basic first round, we order a cup of bartending, and the three cups do not meet the expectations of our three girls. We all drank the sommeliaous mixing potion/wine flavor/wine that is not common enough.
The most impressive is because the second round of our three points was lowered. The two good friends ordered the original Tiramisu and the matcha taste Tiramisu. Contains the above powder and the overall taste, etc., all make people not confirm that this is not a dessert shop.I ordered the black tea plum wine shot in the second round. The menu was specially painted on the menu to say that this is the signboard. I tried the first bite and had a taste of almost no wine. The rest of the whole cup is really the lightest shot in my life. I can only say that SHOT is very rare for such water.

It is a frequent visitor to Changan West Road Bar. If you want to buy drunk/slightly/drink sake of bartending at the same price, you definitely have more choices:
*Bian drink S *** m *** bar, the basic Boyura, recommended Jasmine Lover, the atmosphere can sing in the good atmosphere.
*Fresh fruits can consider Bar E ******* on the next door of Beijing Station. Fruit wine will be fresh and existing fruits. Self -brewed wine is really delicious. The disadvantage is that there are low and small seats.
*In addition, it is recommended that a Shaoxing alcoholic calculation is relatively rare and distinctive in I ****.",False,0.103,0.037,0.86,0.9699
"舒服不會太吵鬧的酒吧
酒品香氣明顯","Comfortable and not too noisy bar
Obvious aroma of wine",False,0.376,0.0,0.624,0.5883
"一個人前往也很適合的bar
店內氣氛很好，不會太吵但是很輕鬆
Bar tender 人都很好
調酒品質中上 提拉米蘇好吃","BAR, who is also suitable for a person
The atmosphere in the store is very good, it will not be too noisy but easy
Bar Tender is very good
Tiramisu is delicious in the quality of bartender",False,0.341,0.0,0.659,0.9481
我朋友感覺很棒 超讚的,My friend feels great,False,0.785,0.0,0.215,0.8074
酒好喝！氣氛好！店員很有趣又友善❤️❤️❤️提拉米蘇也超好吃😋 …,The wine is delicious!The atmosphere is good!The clerk is very interesting and friendly ❤️❤️❤️ Tiramisu is also super delicious ...,False,0.411,0.0,0.589,0.9397
氣氛很輕鬆的店，調酒師很好聊！是群可愛的妹妹們,"The shop with a very relaxed atmosphere, the bartender is very good to talk!It's a cute sister",False,0.416,0.0,0.584,0.8744
"提拉米斯順口滑嫩
一口咬下Rum酒香四溢
半地下的空間 簡單而舒適
Bartender推薦的shot青絲愉悅","Tiramis is smooth and tender
Take a bite and bite the Rum wine fragrance overflowing
Half -ground space is simple and comfortable
The shot green silk recommended by Bartender",False,0.159,0.0,0.841,0.6249
很喜歡這裡的氣氛，老闆也會推薦好喝的酒，服務和餐點都很滿意。,"I like the atmosphere here very much, and the boss will recommend delicious wine, service and meals are very satisfied.",False,0.424,0.0,0.576,0.8955
下班放鬆心情 ，慵懶暢談的好地方，老闆調酒功力一流，無論狂歡或小酌，總能調出專屬驚喜，尤其搭配成人版酒香提拉米蘇，推爆！！！！,"Relax of mood after get off work, a good place for lazily talk, the boss's bartending skills are first -rate. Regardless of carnival or drinking, you can always call out exclusive surprises, especially with the adult version of wine fragrant Lamisu, and explode!IntersectionIntersectionIntersection",False,0.196,0.0,0.804,0.8172
調酒個人覺得普通比較不是我喜歡的類型，然而服務相當親切，食物和小點很有意思，位置位於地下室用餐環境有些小黑蚊,"I feel that the bartending person is not as ordinary as I like, but the service is quite kind.",False,0.285,0.0,0.715,0.7776
讚掉一個爆掉！新甜點超棒🤩,Praise one burst!New dessert is superb 超,False,0.615,0.0,0.385,0.8398
"氣氛溫馨親子友善，東西好吃調酒好喝，老闆親切闆娘美美～
後來又再訪不少次，除了酒水食物，一些細節也都讓人很舒服，廁所很乾淨寬敞，門口有可愛的小盆栽，薄荷之類的吧？應該是調酒時可以現摘現用，有青喔～😆
食物種類陸續有新增，吃過的都不錯，但還是最愛提拉米蘇～❤️","The atmosphere is warm and friendly, the things are delicious, the bone is delicious, and the boss is kind to the mother ~
Later, I visited a few times. In addition to drinking and food, some details were also very comfortable. The toilet was very clean and spacious. There were cute small potted plants, mint and the like at the door?It should be used when bartending, there is green ~ 😆
The types of food have been added one after another, and those who have eaten are good, but I still love Tiramisu the most ~ ❤️",False,0.241,0.0,0.759,0.9719
真的非常棒的一間酒吧，酒非常好喝，氣氛很好，老闆跟員工都好親切🥰 …,"A great bar, the wine is very delicious, the atmosphere is very good, the boss and the employees are very kind ...",False,0.454,0.0,0.546,0.943
"提拉米蘇真的很好吃😂
調酒也好喝

大師級長島好大杯
有濃不過好甜xD","Tiramisu is really delicious 提
Alcohol is also delicious

Master -class Long Island, a big cup
There is no more than good sweet XD",False,0.48,0.057,0.463,0.955
很不錯的酒吧，調酒師人好好還請我們一支啤酒~座位有沙發區很舒服，整個環境讓人很放鬆~,"A very good bar, the bartender is good for us to be a beer ~ The seat is very comfortable with the sofa area, and the whole environment is very relaxed ~",False,0.32,0.0,0.68,0.9213
酒很香醇，真材實料，喝了會醉、會開心、不會頭痛的那種，希望不要有太多人來，不然我會沒位子😭 …,"The wine is very mellow, the real material is real, and the kind of drunk, happy, and no headache will not have too many people, otherwise I will have no place ...",False,0.095,0.183,0.722,-0.3384
"店員人很好，酒好喝炸雞🍗超美味
喜歡人不多很舒適的感受～
雖然是地下室但有外面地板的窗戶透點光進來，很讓人不想離開，願意再訪！ …","The clerk is very good, the wine is delicious and fried chicken 🍗 🍗 is super delicious
I like people who like people who are not very comfortable ~
Although it is the basement, the windows with the outside of the floor come in through the light, which makes people not want to leave, willing to visit again!Mowing",False,0.275,0.054,0.67,0.9501
氣氛好好，東西也非常好吃！,"The atmosphere is good, and things are very delicious!",False,0.507,0.0,0.493,0.8012
"服務優良 店員又正 老闆也好聊天 酒又好💕
適合聚會 聊天 品酒🍷
是下班時間的好去處
可以直接來的地方❤️ …","Serving the good shop staff and the boss is good to chat with wine and good 💕
Suitable for party chat and wine tasting 会
It's a good place for get off work time
Where you can come directly ❤️ ...",False,0.335,0.0,0.665,0.9559
"Bartender手法俐落，店內氣氛放鬆
酒也十分好喝 大推殭屍","Bartender is neat, and the atmosphere in the store is relaxed
The wine is also very delicious, push the zombie",False,0.375,0.0,0.625,0.8805
京站附近可以輕鬆聊天的地方，Gin Tonic是很好的選擇，帶點淡淡的香味,"Where you can easily chat near Beijing Station, Gin TONIC is a good choice, with a little bit of fragrance",False,0.227,0.0,0.773,0.6486
bartender的「特調」都超讚的，尤其shot超級優👍🏻，整個愛到不行❤️，熱食也都很好吃，最愛提拉米蘇😍，整間店的氣氛都很不錯，交通也非常方便！,"Bartender's ""special tune"" is superb, especially Shot is super pretty, the whole love is so good ❤️, hot food is also very delicious, love Tiramisu, the atmosphere of the whole store is very good, transportation is very good, transportation is transported. It is also very convenient!",False,0.498,0.0,0.502,0.9896
"老闆和員工都很親切，氣氛也很棒！
我們很enjoy坐在鋼琴旁喝酒
We had a wonderful experience !","Boss and employees are very kind and the atmosphere is great!
We are very enjoy sitting next to the piano and drinking
We had a wonderful excerience!",False,0.404,0.0,0.596,0.9483
大家推薦的酒 真的好喝,The wine recommended by everyone is really delicious,False,0.491,0.0,0.509,0.6997
"某年朋友推薦後就成為了最愛！

老闆和店員妹妹人都很好（還有點Mojito有機率會遇到唱歌送酒來的妹子），每次去都像去找朋友一樣快樂和讓人安心！每次點特調都會被老闆驚喜到，後來都很喜歡讓老闆調老闆想調的酒（雖然常常跟朋友喝到請老闆推薦，老闆叫我們喝水哈哈），也無數次開心的被老闆推坑新的酒。還有非常大人的提拉米蘇、不知道酒吧為什麼會有的滷味和水餃也很讚、爆米花、起司拼盤、數不清的好吃東西。上週末一個人去也完全沒有以為的尷尬，還意外的發現煎餃的辣油超級好吃！

啊！沙發很好睡（？），抱枕也很好抱！
第一次去就坐鋼琴邊上把鋼琴當桌子，還有無數次酒吧滿到站著喝（都是我們自願的唷！很特別的體驗 ）

特別謝謝老闆和可愛店員妹子們～","After a year, friends have become the favorite!

The boss and the clerk and sister are very good (there is also a little Mojito, you will encounter a girl who comes to sing and send wine), every time you go to find friends, be as happy and reassuring!Every time I order the special adjustment, I will be surprised by the boss. Later, I like to let the boss adjust the wine that the boss wants to adjust (although often drink with friends to ask the boss to recommend it, the boss tells us to drink water haha), and the boss was pushed by the boss countless times. New wine.There are also very adults, Tiramisu, I don't know why the bari and dumplings of the bar are also very good, popcorn, cheese platter, countless delicious food.Last weekend, I did n’t think of embarrassment at all, and unexpectedly found that the spicy oil of fried dumplings was super delicious!

ah!The sofa is very good to sleep (?), The pillow is also very good!
When I went to the piano for the first time, I took the piano as a table, and there were countless bars.

Thank you, the bosses and cute clerk girls ~",False,0.242,0.022,0.735,0.9948
氣氛舒適，店員相當親切,"The atmosphere is comfortable, and the clerk is quite kind",False,0.466,0.0,0.534,0.7902
"舒服、溫馨的酒吧，CP值很高！
更多詳細內容可搜尋""Roger哥""的部落格。","A comfortable and warm bar, CP value is high!
For more details, you can search for ""Roger"" blog.",False,0.345,0.0,0.655,0.784
"起司拼盤很好吃
調酒的味道也很不錯
整體氣氛也很讓人舒服","Cheese platter is delicious
The taste of bartender is also very good
The overall atmosphere is also very comfortable",False,0.396,0.0,0.604,0.8882
Frank、六六、子綾超讚！,"Frank, Six Six, Ziyuan Super!",False,0.512,0.0,0.488,0.636
"超推～～
提拉米蘇很濕潤，超好吃
調酒很厲害❤️","Super push ~~
Tiramisu is very moist, super delicious
Blooming is very powerful ❤️",False,0.579,0.0,0.421,0.9445
"人生酒吧初體驗
老闆真的超可愛
而且調酒也超級好喝
大推❤️❤️❤️","Life Bar First Experience
The boss is really super cute
And bartending is super delicious
Big push ❤️❤️️️ ️",False,0.456,0.0,0.544,0.9439
氣氛優，音樂佳，價位驚艷。,"The atmosphere is good, the music is good, and the price is amazing.",False,0.49,0.0,0.51,0.8625
店員很好，美女很多~😳 東西好喝好吃！ …,"The clerk is very good, there are many beautiful women ~ ， 店 店 店 店!Mowing",False,0.345,0.0,0.655,0.8118
好吃好喝 環境適合好友聊天,It's delicious and delicious environment suitable for friends to chat,False,0.6,0.0,0.4,0.8885
酒認真，很開心的地方❤️❤️❤️,"The wine is serious, very happy, ❤️❤️❤️",False,0.261,0.085,0.654,0.5709
氣氛很舒適放鬆，無計劃前往，居然剛好遇到有表演覺得很幸運~,"The atmosphere is very comfortable and relaxed, and there is no plan to go. I just happened to be lucky when I encountered a performance ~",False,0.289,0.065,0.646,0.8251
一顆星給店員漂亮，一顆星給提拉米蘇，酒喝下去喉嚨痛頭痛，而且還是店員推薦的品項，大問號❓,"A star is beautiful to the clerk, a star for Tiramisu, drinks sore throat and headache after drinking, and it is also the item recommended by the clerk.",False,0.172,0.075,0.753,0.4939
東方美人茶酒 推推，入口酒氣稍重，尾韻茶香不錯,"Oriental beauty tea and wine push, the entrance is slightly heavier, the tail rhyme tea is good",False,0.309,0.0,0.691,0.7717
甜點出乎意料好吃，調酒也很棒。氣氛不錯！,"Dessert is unexpectedly delicious, and bartending is great.The atmosphere is good!",False,0.434,0.0,0.566,0.784
長島冰茶會特別加蜂蜜跟柳橙汁喝起來很順口！推推😻 披薩很好吃吃起來很爽 …,Long Island Ice Tea will be very smooth with honey and orange juice!Pushing 很 pizza is delicious and delicious ...,False,0.299,0.0,0.701,0.8268
"Bartender 是真的帥
但氣氛就普普
酒也是普通的好喝","Bartender is really handsome
But the atmosphere is Pupu
Wine is also an ordinary delicious",False,0.359,0.0,0.641,0.8072
"初訪
靠近大螢幕的座位區（有沙發區）讓人覺得很慵懶、舒服，炸雞大概2-3人份三百多，味道不錯👍
星夜特調之梅酒相當有梅味，微加冰塊冰冰涼涼更好入口。 …","Initial visit
The seat area near the big screen (with the sofa area) makes people feel lazy and comfortable. The fried chicken is about 2-3 people and more than 300 people. The taste is good.
Xingye special plum wine has a plum taste, and the ice cubes are better and better.Mowing",False,0.196,0.041,0.763,0.8519
氣氛好，點心順口。點了上面推薦的調酒，酒精濃度雖然高了點，但口感順我胃口。唯一有點可惜的是螢幕剛好播放著重複動作的影片，比較沒意思。有機會還會想跟朋友再去一次～話家常😊。 …,"The atmosphere is good, the snack is smooth.I ordered the recommended bartending above. Although the concentration of alcohol is a bit higher, the taste is obsessed with my appetite.The only thing that is a pity is the screen that just plays the repeated movement, which is boring.If you have a chance, you will want to go with your friends again.Mowing",False,0.19,0.057,0.754,0.802
補充酒精的好地方，深夜女生們也能自在聊天的酒吧！調酒好喝，喝得出調酒師的用心，而且酒精濃度夠♡(很重要)，一杯就有微醺感，CP值高，甜點提拉米蘇酒味也濃好好吃。,"A good place to add alcohol, the bars that girls can chat late at night!The bartending is delicious, you can drink the intention of the winemaker, and the concentration of the alcohol is enough (very important), a cup has a slight sense, the CP value is high, and the flavor of the dessert Tiramisu is also strong.",False,0.22,0.0,0.78,0.9285
很放鬆舒適的酒吧，house red、提拉米蘇都不錯👍！ …,"Very relaxed and comfortable bar, House Red and Tiramisu are all good!Mowing",False,0.424,0.0,0.576,0.81
地點很好～東西好吃酒也很好喝！老闆人超好👍,The location is very good ~ It is delicious and delicious!The boss is super good 好,False,0.538,0.0,0.462,0.9323
"酒吧氣氛非常特良好
疫情期間會需要看疫苗施打證明
有低消，但是東方美人茶酒超好喝
點了提拉米蘇與燻肉拼盤超讚的！","The atmosphere of the bar is very good
During the epidemic, you will need to see the vaccine proof
There are low consumption, but Oriental beauty tea wine is super delicious
Ordered Tiramisu and smoked meat platter are awesome!",False,0.406,0.027,0.567,0.9778
氣氛佳，當天還看到YouTuber😆 …,"The atmosphere is good, you also saw YouTuber😆 ...",False,0.351,0.0,0.649,0.6597
"跟朋友偶然發現的酒吧(((o(*ﾟ▽ﾟ*)o)))超級喜歡裡面的氣氛💕可以隨意聊天
酒花釀啤酒超好喝 …","The bar ((((((((((((((() ((*▽ ﾟ) o)) with a friend accidentally discovered by a friend super likes the atmosphere inside 💕 can be chatted at will
Hallow brew beer is super delicious ...",False,0.477,0.046,0.477,0.9738
"好喝氣氛佳讚讚
老闆很熱情，店員都很年輕很會喝
提拉米蘇配調酒莫名搭
不怕喝不醉只怕喝太醉XD

BTW評論5星送你兩杯shot <3","The delicious atmosphere is good, praise
The boss is very enthusiastic, the clerk is very young and can drink
Tiramisu style wine is inexplicable
Don't be afraid to drink or not, I'm afraid to drink too drunk XD

BTW Comments 5 stars Give you two cups shot <3",False,0.327,0.037,0.635,0.9624
"店員很友善 總是笑臉迎人且很有耐心對客人 絕對是我收藏的店鋪
幾乎每週都會去小酌一下，有一次下午路過想說喝個咖啡、吃個下午茶….沒想到… 甜品竟然意外好吃！","The clerk is very friendly and always smiles, and is very patient with the guests that are definitely my collection.
I will drink it almost every week. I once passed by in the afternoon and wanted to say that I had a coffee and a afternoon tea ... I didn't expect ... Dessert was unexpectedly delicious!",False,0.203,0.0,0.797,0.9229
不管是一個人想喝一杯或是和朋友聊天都是很適合的好地方。調酒好喝、老闆人很好～醉漢等級的千萬不要錯過老闆獨家的long island，除了這個上次喝到老闆自釀限量版的梅酒更是超讚的！大推～,"Whether it is a person who wants to drink a drink or chatting with friends is a good place.The bartending is delicious, the boss is very good ~ Do not miss the boss's exclusive Long Island. In addition to this last time the boss's self -brewed version of the plum wine is even more amazing!Big push ~",False,0.24,0.0,0.76,0.934
"分等級的大師級長島冰茶好喝又厲害～酒鬼專屬的提拉米蘇好吃阿💗💗💗
很多特別的台灣精釀啤酒也很有趣唷～
氣氛不錯～店員也可愛～推！！！ …","The divided -level master -level Long Island ice tea is delicious and powerful ~ The exclusive Tiramisu of the alcoholic is delicious
Many special Taiwan craft beer is also very interesting ~
The atmosphere is good ~ the clerk is also cute ~ push!IntersectionIntersectionMowing",False,0.396,0.0,0.604,0.9705
"超級無敵好喝的調酒！
而且抹茶提拉米蘇非常的棒！
生日老闆還特別招待，人好客又好聊！
鐵森林中溫暖的地方！","Super invincible bartender!
And matchairamisu is great!
The birthday owner is also specially entertaining, and the hospitality is easy to talk about!
The warm place in the iron forest!",False,0.466,0.0,0.534,0.9641
姐妹喝酒好去處,Sisters drink well,False,0.512,0.0,0.488,0.2732
食物好吃酒也好喝，店員很親切，環境氣氛佳❤️,"The food is delicious and delicious, the clerk is very kind, the environment atmosphere is good ❤️",False,0.5,0.0,0.5,0.9324
提拉米蘇太強，有酒香，狂推,"Tiramisu is strong, has a wine fragrance, pushes wildly",False,0.292,0.0,0.708,0.5106
"老闆親切
調酒好喝
推mojito好喝清爽
大推炸雞🤣🤣🤣🤣 …","Boss kind
Blooming is delicious
Push mojito delicious and refreshing
Big fried chicken ...",False,0.495,0.0,0.505,0.8957
這裡頭的氣氛適合放鬆和三五好友聊天聚會的好地方，老闆招待人親戚客氣，調酒時姿勢帥氣，酒也好喝還幫我們客製調酒感謝老闆的用心，女店員活潑可愛有活力！,The atmosphere here is suitable for a good place to relax and chat with three or five friends. The boss entertains relatives and relatives. The posture is handsome when bartender. Intersection,False,0.373,0.0,0.627,0.9382
這裡的環境很舒服，老闆和工作人員都很熱情❤️女店員真的很辣哦，不喝酒都醉了哈哈！而且調的酒都很不錯哦，經過的朋友可以嘗試看看😬😬 …,"The environment here is very comfortable, the boss and the staff are very enthusiastic. ❤️ The female clerk is really spicy.And the wine is very good. Friends who pass can try it ...",False,0.313,0.0,0.687,0.9281
"調酒好喝還有提拉米蘇好吃
週末需先訂位
是下班放鬆的好地方","Blooming is delicious and Tiramisu is delicious
You need to book a place on the weekend
It's a good place to relax from get off work",False,0.375,0.0,0.625,0.9217
調酒很好喝 氣氛很讚,The bartender is delicious and the atmosphere is great,False,0.527,0.0,0.473,0.8316
"史上最舒服的酒吧！
第一次一個人穿八公分高鞋
第一次在吧檯睡倒！
老闆跟妹子很有義氣的帶我回家😂 …","The most comfortable bar in history!
The first time I wore eight centimeters of high shoes alone
Sleep down at the bar for the first time!
The boss and the girl took me home with a righteous manner ...",False,0.097,0.046,0.857,0.49
"感冒糖漿酒 超難喝的🥲
然後巴斯克寫了流心但明明很硬","The cold syrup wine is super difficult to drink 感
Then BASK wrote a stream but obviously hard",False,0.118,0.161,0.721,0.0258
氣氛不錯，炸雞好吃但小貴；野梅蘇打跟一般梅子蘇打的味道不太一樣，比較甜一點；提拉米蘇酒味很重,"The atmosphere is good, fried chicken is delicious but small; Noda soda tastes different from the general plum soda, which is sweeter; Tiramisu wine is very heavy",False,0.147,0.0,0.853,0.5106
"每次去必點酒鬼提拉米蘇啊！
大愛！！
可以很放鬆喝酒又沒菸味，是和朋友最常約的老地方之一❤️","Every time you go to order the alcoholic Tiramisu!
Love!Intersection
It can relax and drink without smoke. It is one of the oldest places with friends ❤️",False,0.202,0.0,0.798,0.7639
超好喝的調酒，超好的服務、環境也非常的溫馨，非常推薦。巷子裡的小店真的超可愛的❤️,"Super delicious bartending, super good service and environment are also very warm, very recommended.The shop in the alley is really cute ❤️",False,0.539,0.0,0.461,0.9632
晚上光顧酒吧，店內氣氛很不錯，酒也還行，冰花煎餃也不錯。可惜感覺店內裝潢跟大投影幕播球賽好像有點違和😂 …,"Personally visiting the bar at night, the atmosphere in the store is very good, the wine is okay, and the ice fried dumplings are also good.Unfortunately, I feel that the interior decoration of the store seems to be a bit of violation of the big slide screen broadcast game ...",False,0.092,0.081,0.827,0.1513
"很不想推薦怕太多人知道這個好地方會太容易客滿～～
酒好喝老闆人超好
甜點也很棒，環境也很溫馨舒服","I don’t want to recommend that too many people know that this good place will be too full ~~
The wine is good, the boss is super good
Dessert is also great, and the environment is very warm and comfortable",False,0.463,0.0,0.537,0.977
"在巷弄裡的一個轉角
氣氛很不錯
雖然跟友人聊到超過營業時間也沒被趕
自己發現才不好意思的趕快離開🤣🤣🤣
價錢也很可愛❤️喜歡下次會再來","A corner in the alley
The atmosphere is very good
Although I talked to my friends too much about business hours
I found out that I was embarrassed to leave quickly
The price is also very cute ❤️ I like it will come again next time",False,0.213,0.065,0.722,0.855
"環境很不錯在地下室 很有氣氛
店員都是妹妹滿可愛的
酒也都滿好喝","The environment is very good in the basement very atmospheric atmosphere
The clerk is all cute
The wine is also delicious",False,0.355,0.0,0.645,0.8718
"吃了提拉米蘇、炸雞、披薩、滷味、爆米花
都好吃！
調酒也都很好喝！！！
服務員態度也都很親切！！！","Eat Tiramisu, fried chicken, pizza, loquat, popcorn
It's delicious!
Blooming is also very delicious!IntersectionIntersection
The waiter's attitude is also very kind!IntersectionIntersection",False,0.186,0.0,0.814,0.6784
"燈光好氣氛佳 老闆人很好
東西價錢也合理
心目中數一數二的酒吧！","Good light atmosphere, the boss is very good, the boss is very good
The price of east and west is also reasonable
One of the best bars in your mind!",False,0.346,0.0,0.654,0.9297
滷味真的超好吃，還有抹茶蛋糕，下次宵夜有多一個地方參考了🫢 …,"Loi is really delicious, and matcha cake. There is one more place for the next supper.",False,0.21,0.0,0.79,0.6115
讚！梅酒我愛！,praise!I love plum wine!,False,0.615,0.0,0.385,0.6988
舒壓的好地方！,A good place for comfort!,False,0.655,0.0,0.345,0.69
"公司聚餐，好友聚會都太適合了。
同事們都超愛長島冰茶，加上炸雞，完全大放鬆。","The company's dinner is too suitable for friends.
Colleagues love long island ice tea, plus fried chicken, which is completely relaxed.",False,0.375,0.0,0.625,0.8955
"很爽
喝很飽
酒夠強
每次進地下室都會跌倒或者臉撞上玻璃門xddd
回台灣必來","Very refreshing
Be full
Strong wine
Every time you enter the basement, you will fall or hit the glass door XDDD
Come back to Taiwan",False,0.121,0.0,0.879,0.5106
環境跟酒都非常好喝，推薦長島冰茶！讚讚,The environment and wine are very delicious. Recommended Long Island Ice Tea!Praise,False,0.389,0.0,0.611,0.7479
氣氛很棒，調酒美味，不自覺會久待的好店,"The atmosphere is great, the bartender is delicious, and the good shop will be treated unconsciously",False,0.451,0.0,0.549,0.8934
飲酒氣氛輕鬆愉快，一個人來喝也很適合😁 …,"The atmosphere of drinking is relaxed and happy, and it is very suitable for a person to drink alone ...",False,0.266,0.077,0.656,0.7096
長島冰茶很厲害！老闆很親切~餐點也很精緻好吃,Long Island Ice Tea is great!The boss is very kind ~ The meal is also exquisite and delicious,False,0.324,0.0,0.676,0.8264
老闆人超好～～～調酒每杯都好好喝🥰 …,The boss is super good ~~~ Each cup of bartender is good 🥰 ...,False,0.567,0.0,0.433,0.9517
很喜歡昨晚舉辦的小小調酒師活動，小朋友們玩的開心，大人們也聊的盡興！,"I like the small bartender activities held last night. The children are happy to play, and the adults also talk about it!",False,0.319,0.0,0.681,0.8356
服務跟氣氛很好，適合3、5好友相聚，會想再訪,"The service and the atmosphere are very good, suitable for gathering 3 and 5 friends, you will want to visit again",False,0.297,0.0,0.703,0.7645
"安靜、舒適，老闆也很nice, 好聊天及細心介紹酒，老闆自釀的茶酒很棒👍🏻 …","Quiet, comfortable, the boss is also very nice, chat and introduce wine carefully, the boss's own tea wine is great ...",False,0.414,0.0,0.586,0.8999
"煎餃 提拉米蘇 表現超棒
酒(精濃度）更棒👍
溫馨小酌首選❤️ …","Fried dumplings Tiramisu performed greatly
Wine (essence) is better 度
Warm drink first choice ❤️ ...",False,0.239,0.065,0.697,0.5423
氣氛安靜，不會吵雜，適合談心的地方。老闆也很nice推！,"The atmosphere is quiet, there will be no noise, suitable for talking.The boss is also very nice!",False,0.164,0.107,0.729,0.2926
令人回味的專業調酒，氣氛放鬆自在，好地方。,"Fassened professional bartending, relaxed atmosphere, good place.",False,0.55,0.0,0.45,0.7269
"老闆很嗨
酒好喝又可以喝醉👌🏻
絕對會再來 …","The boss is very hi
You can get drunk and you can get drunk 可以
Will definitely come again ...",False,0.11,0.196,0.694,-0.2732
"OmG，這個酒真的很不錯
喝得很ㄎㄧㄤ😂 …","OMG, this wine is really good
Drink very much ...",False,0.262,0.0,0.738,0.4927
"Cozy place to gather with friends!
沒有煙味、油煙味，調酒的口味很豐富","Cozy Place to Gather with Friends!
There is no smell of smoke and oil, and the taste of bartender is rich",False,0.257,0.081,0.662,0.6996
超讚ㄉ啦(●°u°●) 」,"Super praise (● ° u ° ●) """"",False,0.556,0.0,0.444,0.8176
這邊氣氛真的很好 很喜歡 店員很可愛 老闆很帥,"The atmosphere here is really good, I like the shop clerk, very cute boss, very handsome",False,0.515,0.0,0.485,0.9143
氣氛很好 ，東西也好吃 ，老闆的品味不錯,"The atmosphere is very good, things are delicious, the boss's taste is good",False,0.495,0.0,0.505,0.8687
"哥哥跟姐姐人都很親切❤️❤️
環境讓人覺得很舒適","Brother and sister are very kind ❤️❤️
The environment makes people feel comfortable",False,0.333,0.0,0.667,0.7902
服務真的超好，老闆超貼心！超級推薦大家要來！,"The service is really good, the boss is super intimate!I recommend everyone to come!",False,0.481,0.0,0.519,0.88
溫馨喝酒聊天好處所,Warm drink and chat benefits,False,0.6,0.0,0.4,0.5423
推推！bartender 很讚！服務讚👍 …,Push!Bartender is great!Service Like ...,False,0.435,0.0,0.565,0.4738
私釀梅酒、熱紅酒、白酒，餐點都好讚👍 …,"Private plum wine, hot red wine, liquor, meals, all of the meals ...",False,0.0,0.0,1.0,0.0
店員態度不友善（短頭髮那位）,The clerk's attitude is not friendly (short hair),False,0.0,0.273,0.727,-0.3875
炸雞好吃，氣氛很好，大推長島冰茶,The fried chicken is delicious and the atmosphere is very good.,False,0.434,0.0,0.566,0.7841
氣氛佳！店員服務好！,Good atmosphere!The clerk service is good!,False,0.615,0.0,0.385,0.7494
調酒很好喝,Blooming is delicious,False,0.649,0.0,0.351,0.5719
有很多外面喝不到的酒，價格也合理。,"There are many wines that can't be drunk outside, and the price is reasonable.",False,0.135,0.0,0.865,0.2584
酒好喝，店員服務態度極佳,"The wine is good, the clerk service attitude is excellent",False,0.452,0.0,0.548,0.765
長島冰茶值得試試,Long Island Ice Tea is worth trying,False,0.241,0.0,0.759,0.2263
很熱情，女店員都很「熱」啊,"Very enthusiastic, the female clerk is very ""hot""",False,0.333,0.0,0.667,0.5413
酒好喝，老闆又帥,"The wine is delicious, the boss is handsome and handsome",False,0.591,0.0,0.409,0.8779
"環境舒適
披薩很好吃😋 …","Environmental comfort
Pizza is delicious 好 ...",False,0.554,0.0,0.446,0.7351
對小孩友善，大人也可放鬆。,"Friendly to children, adults can relax.",False,0.604,0.0,0.396,0.7269
好喝 讚讚,Liangzi praise,False,0.783,0.0,0.217,0.5574
環境優美值得一再回來❤❤❤,Beautiful environment is worth returning repeatedly ❤❤❤,False,0.724,0.0,0.276,0.9607
提拉米蘇超讚！,Tiramisu Super!,False,0.807,0.0,0.193,0.636
只能用讚來形容👍👍👍👍 …,Can only be described by praise ...,False,0.375,0.0,0.625,0.5574
啤酒無敵讚的啦,Beer invincible praise,False,0.872,0.0,0.128,0.7783
酒單選擇很多😊 …,Choose a lot of wine lists ...,False,0.0,0.0,1.0,0.0
調酒好喝!,Blooming is delicious!,False,0.666,0.0,0.334,0.6114
這裡真的超棒！,It's really great here!,False,0.61,0.0,0.39,0.6893
老闆很健談,The boss is very talkative,False,0.0,0.0,1.0,0.0
我們是在周日晚上參觀的，當時非常安靜。空間寬敞，氣氛極佳。工作人員很友好，食物和飲料也恰到好處。我們最終度過了一段美好的時光，以至於我們可能有點放縱了😂——完全值得！,"We were visiting on Sunday night, and very quiet at the time.The space is spacious and the atmosphere is excellent.The staff is very friendly, and food and drinks are just right.We finally spent a wonderful time, so that we might be a bit indulgent 😂 😂 😂 😂 😂 is completely worth it!",False,0.292,0.097,0.611,0.9725
台北車站附近不錯的酒吧,A good bar near Taipei Station,False,0.367,0.0,0.633,0.4404
適合好姊妹相約的小酒館！燈光美、氣氛佳、調酒好喝、點心美味～身心滿足超療啊！酒單不定時調整，有興趣的特調別猶豫，點就對了！下酒菜對一般食量的女孩來說足夠，推薦滷味拼盤和都市傳說之阿伯炸雞！私心最愛是定番的提拉米蘇❤️酒香撲鼻、口感濃鬱，兩人分剛剛好！,"Suitable for sisters to meet!Beautiful lights, good atmosphere, delicious bartending, delicious snacks ~ physical and mental satisfaction!The wine is adjusted from time to time. Special hesitation of interested, just order it!Driven and vegetables are enough for girls with general foods. It is recommended to be a blealing chicken of the savory platter and urban legend!The favorite is Dingfan's Tiramisu ❤️ The wine is fragrant and has a strong taste. The two are just right!",False,0.268,0.023,0.709,0.9715
我和我的朋友在這裡與調酒師的甜蜜和有趣的陪伴度過了一段愉快的時光。當我們進去時，我們被這裡涼爽但不吵鬧的氛圍所吸引，然後對他們所有的女性員工感到驚訝，她們非常友好、樂於助人、健談。對於飲料來說，他們做得還不錯。我們一定會回來嘗試更多，也許下次嘗試他們的白天菜單😉 …,"My friend and I spent a pleasant time with the sweetness and interesting companionship of the bartender here.When we go in, we are attracted by a cool but not noisy atmosphere here, and then we are surprised by all their female employees. They are very friendly, helpful and talkative.For drinks, they do well.We will definitely come back and try more, maybe try their day menu next time ...",False,0.325,0.0,0.675,0.9732
我們在深夜到達中山站附近的飯店，前往這裡尋找一家仍在營業的餐廳。顧客有本地人和歐美人。我們沒有日文菜單，但是工作人員非常友善，向我們解釋並為我們拍照！湯包很好吃。,"We arrived at the restaurant near Zhongshan Station late at night and went here to find a restaurant that is still open.Customers have locals and Europeans and Americans.We have no Japanese menu, but the staff is very friendly, explaining to us and taking pictures for us!The soup bag is delicious.",False,0.172,0.027,0.801,0.8881
氣氛很好，酒也很好，提拉米蘇很好吃。如果你點披薩，你需要耐心等待,"The atmosphere is very good and the wine is very good. Tiramisu is delicious.If you order pizza, you need to wait patiently",False,0.242,0.0,0.758,0.7496
"隱藏在後巷的酒吧
師傅人很好

順便說一句，我點了一杯莫吉托。
大約是1000日元。
非常好吃。","Bar hidden in the back alley
The master is very good

By the way, I ordered a cup of Mogito.
It is about 1,000 yen.
Very delicious.",False,0.223,0.0,0.777,0.8012
我在台北最喜歡的酒吧之一！友好的員工和老闆，食物很棒，雞尾酒和飲料都很棒！,"I am one of the favorite bars in Taipei!Friendly employees and bosses, the food is great, the cocktails and drinks are great!",False,0.383,0.0,0.617,0.915
一個喝一杯的好地方。威士忌單和啤酒單都不錯。房客非常友善且樂於助人。價格不錯！,A good place to drink a cup.The whiskey list and the beer list are good.The tenant is very friendly and helpful.Good price!,False,0.251,0.0,0.749,0.7707
"這是台北車站附近的酒吧。
雞尾酒很美味，食物也很好。","This is a bar near Taipei Station.
Cocktails are delicious and food is also very good.",False,0.33,0.0,0.67,0.7841
很棒的氛圍、裝飾和位置。然而，我和我的朋友第一次（也是最後一次）在那裡時沒有發生任何意外。當我們點第一輪飲料時，女服務員確認了我們的訂單並離開了桌子。到這裡為止一切都很好。然後她回來告訴我們他們沒有我們點的啤酒，所以我們點了別的東西。到這裡一切都很好。我們拿了啤酒，開始毫無問題地喝酒。我們玩得很開心。當我們點第二輪時，女服務員離開了桌子，然後我們等了將近 20 分鐘才決定再次要啤酒。然而，這次女服務員說他們的啤酒已經用完了，經理已經離開餐廳給我們買一些。我們告訴女服務員，她應該像我們第一次點菜時那樣告訴我們，這樣我們就可以點其他東西，而不是讓我們在黑暗中等待。我們又等了 5 分鐘，但後來點了別的東西，因為花了太長時間。在女服務員離開餐桌之前，我告訴女服務員，我們不願意再支付10%的服務費，因為服務很差。她回應說她會諮詢她的經理並道歉。然後經理將我們的第二輪帶到了談判桌上，我們感謝他並告訴了他完全相同的事情。然而，他憤怒地回應了“為什麼？”我們解釋了原因，但他似乎對我們不太好，並告訴我們他出去給我們買啤酒了。然後他粗魯地說了聲“好吧”，然後離開了桌子。我們喝完了飲料，叫服務生點了第三輪。她來到餐桌旁，接受了我們的訂單，然後徑直走向經理，告訴他我們還點了更多。從遠處我們看到經理告訴女服務員不要把啤酒帶到餐桌上，讓我們等一下，這樣我們就可以離開了。在我看來，管理技能和客戶服務非常差，而正是這樣的事情使企業失去了客戶，從而失去了潛在的利潤。那個經理需要被解僱。,"A great atmosphere, decoration and location.However, my friend and I did not have any accidents in the first time (the last time).When we ordered the first round of drinks, the female waiter confirmed our order and left the table.Everything is very good so far.Then she came back and told us that they had no beer we ordered, so we ordered other things.Everything is good here.We took beer and began to drink without any problems.We played very happily.When we ordered the second round, the female waiter left the table, and then we waited for nearly 20 minutes to decide to be beer again.However, the female waiter said that their beer had been used up, and the manager had left the restaurant to buy us.We told the female waiters that she should tell us as we first ordered, so that we can order other things instead of letting us wait in darkness.We waited for another 5 minutes, but later ordered something else because it took too long.Before the female waiter left the table, I told the female waiter that we were unwilling to pay another 10%service fee because the service was poor.She responded that she would consult her manager and apologize.Then the manager took our second round to the negotiating table. We thanked him and told him exactly the same thing.However, he responded angrily, ""Why?"" We explained the reason, but he seemed to be not good for us and told us that he went out to buy beer for us.Then he said rudely ""Okay"", and then left the table.We finished drinking the drink and asked the waiter to order the third round.She came to the dining table, accepted our orders, and then went straight to the manager, telling him that we ordered more.From a distance, we saw that the manager told the female waiter not to bring the beer to the table, let us wait, so that we can leave.In my opinion, the management skills and customer service are very poor, and it is such a thing that has lost the company's customers and thereby losing potential profits.That manager needs to be fired.",False,0.053,0.082,0.865,-0.937
未按照谷歌建議的時間開放 - 請更新您的時間。,Can't open according to Google's suggestion -please update your time.,False,0.204,0.0,0.796,0.3182
老闆很熱情，長島冰茶味道真的很好。感謝您的友善回复，儘管這一定令人沮喪！,"The boss is very enthusiastic, and the long island ice tea tastes really good.Thank you for your friendly reply, although this is certainly frustrating!",False,0.291,0.09,0.619,0.7569
飲料的價格有點高，但值得注意的是，他們的雞尾酒很烈，所以這幾乎是值得的。舒適的地下室酒吧，燈光極簡，距離台北車站僅一箭之遙。入口處就有一份飲料菜單，但誤導的入口/門卻寫著「La Boheme Café」。還是進去吧。總的來說，即使是孤獨的人，這裡也是一個放鬆的好地方。,"The price of drinks is a bit high, but it is worth noting that their cocktails are very strong, so this is almost worth it.The comfortable basement bar, the lights are minimalist, only one arrow from Taipei Station.There is a drink menu at the entrance, but the misleading entrance/door reads ""La Boheme Café"".Let's go in.In general, even lonely people are a good place to relax.",False,0.247,0.08,0.673,0.9338
一個漂亮、舒適的休息室，距離台北火車站步行約 5 分鐘。  調酒師（諾諾）很友善，但英文很少。  飲料很好喝，但以當地標準來說有點貴,"A beautiful, comfortable lounge, about 5 minutes from Taipei Railway Station.The bartender (Nono) is very friendly, but there is very little English.The drink is delicious, but it is a bit expensive for local standards",False,0.284,0.0,0.716,0.8978
台北車站附近不錯的舒適酒吧。,A good comfortable bar near Taipei Station.,False,0.554,0.0,0.446,0.7351
台北最好的提拉米蘇四星，舒適的氛圍和適合我的歌單。飲料很糟糕。,"The best Tiramisu four -star in Taipei, a comfortable atmosphere and a song list that suits me.The drink is bad.",False,0.268,0.125,0.607,0.6124
這是我第一次來這裡。,This is the first time I have come here.,False,0.0,0.0,1.0,0.0
連續三年不斷光顧酒吧。友好的工作人員和精美的裝飾。我已經愛上這個地方了❤️,I have been patronizing the bar for three consecutive years.Friendly staff and exquisite decoration.I have fell in love with this place ❤️,False,0.16,0.0,0.84,0.6369
"糟糕的服務
揮手示意我們進去，但沒有告訴我們坐在哪裡
從來沒有給我們菜單
從來沒有問過我們想要什麼
從未走過或看過
在那裡坐了一個小時才走出去","Bad service
Waving to signal us, but did not tell us where to sit
Never give us menu
Never asked what we want
Never walked or watched
I took an hour there before going out",False,0.04,0.061,0.899,-0.2023
專業度還有很大提升空間,There is still a lot of room for professionalism,False,0.0,0.0,1.0,0.0
"這是我見過的最友善的酒吧
不要被一些粗魯的外國人影響！","This is the most friendly bar I have ever seen
Don't be influenced by some rude foreigners!",False,0.174,0.138,0.689,0.1986
度過了一個美好的夜晚。友好的員工和氛圍。帶沙發的酒吧很少見。,Live a beautiful night.Friendly employees and atmosphere.Bar with a sofa is rare.,False,0.262,0.0,0.738,0.5994
令人難以置信的意大利香腸,Unbelievable Italian sausage,False,0.474,0.0,0.526,0.2023
舒適的地下酒吧，投影機上播放著電影。雖然飲料價格昂貴，但環境很好。,"A comfortable underground bar, a movie on the projector.Although drinks are expensive, the environment is very good.",False,0.302,0.0,0.698,0.7574
真的很好！服務有點慢。,Really good!The service is a bit slow.,False,0.0,0.0,1.0,0.0
與好人一起放鬆的好地方。  時間,Relax with good people.time,False,0.744,0.0,0.256,0.7003
浪漫的地下室,Romantic basement,False,0.73,0.0,0.27,0.4019
非常浪漫,Very romantic,False,0.75,0.0,0.25,0.4576
不錯的鄰裡酒吧。儘管它在地下室，但它有一些窗戶。,"Good neighbor bar.Although it is in the basement, it has some windows.",False,0.209,0.0,0.791,0.4404
很棒的飲料和很酷的酒吧。,A great drink and cool bar.,False,0.615,0.0,0.385,0.7506
好喝佳氣氛😍 …,It's delicious and delicious 气 ...,False,0.649,0.0,0.351,0.8126
美味的雞尾酒，美味的食物,"Delicious cocktail, delicious food",False,0.787,0.0,0.213,0.8126
棒,Great,False,1.0,0.0,0.0,0.6249
很棒的氛圍很棒的飲料很棒的食物,A great atmosphere is great drinking food,False,0.621,0.0,0.379,0.8481
隱藏的地方，但可以打開你的心扉,"Hidden places, but you can open your heart",False,0.453,0.0,0.547,0.7783
E.g. 聚餐,E.G. dinner,False,0.0,0.0,1.0,0.0
這是一個晚上喝一杯的舒適場所,This is a comfortable place to drink a cup at night,False,0.248,0.0,0.752,0.5106
好舒服的地方(⌯˃̶᷄ ⁻̫ ˂̶᷄⌯),So comfortable place (⁻̫ 的 ˂̶᷄⌯),False,0.418,0.0,0.582,0.5563
我想再次訪問，謝謝NONO！,"I want to visit again, thank NONO!",False,0.45,0.0,0.55,0.4753
舒適又涼爽，喜歡它❤️❤️,"Comfortable and cool, like it ❤️❤️",False,0.574,0.0,0.426,0.7964
很棒,great,False,1.0,0.0,0.0,0.6249
香香美美,Xiangxiang Meimei,False,0.0,0.0,1.0,0.0
很棒的地方😘 …,A great place 地方 ...,False,0.506,0.0,0.494,0.6249
舒服,Comfortable,False,1.0,0.0,0.0,0.5106
棒棒,Great,False,1.0,0.0,0.0,0.6249
超棒的地下室酒吧,Better basement bar,False,0.592,0.0,0.408,0.4404
私心推推,Push,False,0.0,0.0,1.0,0.0
很chill,Very chill,False,0.0,0.0,1.0,0.0
